Start Time,Net Sales,Checks,Check Avg,Labor Hrs,Labor $,Labor $/Net
6/6/24 04:00 PM,0,0,0,1,24.5,0.00%
6/6/24 04:15 PM,0,0,0,1.09,27,0.00%
6/6/24 04:30 PM,0,0,0,1.47,37.27,0.00%
6/6/24 04:45 PM,0,0,0,1.59,40.36,0.00%
6/6/24 05:00 PM,0,0,0,1.75,44.75,0.00%
6/6/24 05:15 PM,232,2,116,1.83,44.75,19.30%
6/6/24 05:30 PM,544,3,181.33,2,44.75,8.20%
6/6/24 05:45 PM,160,1,160,2,44.75,28.00%
6/6/24 06:00 PM,486,4,121.5,2,44.75,9.20%
6/6/24 06:15 PM,640.6,5,128.12,2,44.75,7.00%
6/6/24 06:30 PM,257,2,128.5,2,44.75,17.40%
6/6/24 06:45 PM,257.25,2,128.62,2,44.75,17.40%
6/6/24 07:00 PM,681,4,170.25,2,44.75,6.60%
6/6/24 07:15 PM,322,2,161,2,44.75,13.90%
6/6/24 07:30 PM,296,3,98.67,2,44.75,15.10%
6/6/24 07:45 PM,515,3,171.67,2,44.75,8.70%
6/6/24 08:00 PM,0,0,0,2,45.05,0.00%
6/6/24 08:15 PM,194,4,48.5,2,47.37,24.40%
6/6/24 08:30 PM,0,0,0,2,47.37,0.00%
6/6/24 08:45 PM,130,1,130,2,47.37,36.40%
6/6/24 09:00 PM,0,0,0,2,47.37,0.00%
6/6/24 09:15 PM,0,0,0,2,47.37,0.00%
6/6/24 09:30 PM,0,0,0,2,47.37,0.00%
6/6/24 09:45 PM,0,0,0,1.88,44.46,0.00%
6/6/24 10:00 PM,0,0,0,1.6,37.41,0.00%
6/6/24 10:15 PM,0,0,0,0.86,17.5,0.00%
6/6/24 10:30 PM,0,0,0,0.45,6.12,0.00%
6/6/24 10:45 PM,0,0,0,0.25,0,0.00%
6/7/24 04:00 PM,0,0,0,1.75,37.5,0.00%
6/7/24 04:15 PM,0,0,0,1.82,39.51,0.00%
6/7/24 04:30 PM,0,0,0,2.54,58.84,0.00%
6/7/24 04:45 PM,0,0,0,2.75,64.5,0.00%
6/7/24 05:00 PM,0,0,0,2.75,64.5,0.00%
6/7/24 05:15 PM,90,2,45,2.75,64.5,71.70%
6/7/24 05:30 PM,778,6,129.67,2.75,64.5,8.30%
6/7/24 05:45 PM,419,4,104.75,2.75,64.5,15.40%
6/7/24 06:00 PM,69.6,2,34.8,2.75,64.5,92.70%
6/7/24 06:15 PM,561,3,187,2.75,64.5,11.50%
6/7/24 06:30 PM,520,5,104,2.75,64.5,12.40%
6/7/24 06:45 PM,445,3,148.33,2.75,64.5,14.50%
6/7/24 07:00 PM,574,4,143.5,2.75,64.5,11.20%
6/7/24 07:15 PM,543.5,4,135.88,2.75,64.5,11.90%
6/7/24 07:30 PM,522,4,130.5,2.61,61.08,11.70%
6/7/24 07:45 PM,191.7,2,95.85,2.5,58.5,30.50%
6/7/24 08:00 PM,157,1,157,2.5,58.5,37.30%
6/7/24 08:15 PM,150,2,75,2.5,58.5,39.00%
6/7/24 08:30 PM,471.8,3,157.27,2.5,58.5,12.40%
6/7/24 08:45 PM,129,1,129,2.5,58.5,45.30%
6/7/24 09:00 PM,0,0,0,2.5,58.5,0.00%
6/7/24 09:15 PM,129,2,64.5,2.5,58.5,45.30%
6/7/24 09:30 PM,0,0,0,2.25,51.78,0.00%
6/7/24 09:45 PM,0,0,0,1.93,43.05,0.00%
6/7/24 10:00 PM,0,0,0,1.71,37.05,0.00%
6/7/24 10:15 PM,8.25,2,4.12,1.33,28.24,342.30%
6/7/24 10:30 PM,0,0,0,0.5,12.25,0.00%
6/7/24 10:45 PM,0,0,0,0.32,7.29,0.00%
6/8/24 04:00 PM,0,0,0,2,44,0.00%
6/8/24 04:15 PM,0,0,0,2.09,46.35,0.00%
6/8/24 04:30 PM,0,0,0,2.72,63.49,0.00%
6/8/24 04:45 PM,0,0,0,2.61,60.56,0.00%
6/8/24 05:00 PM,99.25,2,49.62,2.5,57.75,58.20%
6/8/24 05:15 PM,694.5,5,138.9,2.5,57.75,8.30%
6/8/24 05:30 PM,181,2,90.5,2.5,57.75,31.90%
6/8/24 05:45 PM,434,4,108.5,2.68,62.73,14.50%
6/8/24 06:00 PM,128,1,128,2.75,64.5,50.40%
6/8/24 06:15 PM,269,2,134.5,2.75,64.5,24.00%
6/8/24 06:30 PM,501,4,125.25,2.75,64.5,12.90%
6/8/24 06:45 PM,480,4,120,2.75,64.5,13.40%
6/8/24 07:00 PM,294,3,98,2.75,64.5,21.90%
6/8/24 07:15 PM,225,1,225,2.75,64.5,28.70%
6/8/24 07:30 PM,559,4,139.75,2.75,64.5,11.50%
6/8/24 07:45 PM,359,2,179.5,2.63,61.16,17.00%
6/8/24 08:00 PM,0,0,0,2.5,57.75,0.00%
6/8/24 08:15 PM,100,1,100,2.5,57.75,57.80%
6/8/24 08:30 PM,0,0,0,2.5,57.75,0.00%
6/8/24 08:45 PM,0,0,0,2.5,57.75,0.00%
6/8/24 09:00 PM,188,2,94,2.5,57.75,30.70%
6/8/24 09:15 PM,0,0,0,2.5,57.75,0.00%
6/8/24 09:30 PM,0,0,0,2.5,57.75,0.00%
6/8/24 09:45 PM,0,0,0,2.25,51.04,0.00%
6/8/24 10:00 PM,0,0,0,2.02,45.33,0.00%
6/8/24 10:15 PM,0,0,0,0.98,25.27,0.00%
6/8/24 10:30 PM,0,0,0,0.25,5.5,0.00%
6/8/24 10:45 PM,0,0,0,0.25,5.5,0.00%
6/9/24 04:00 PM,256,2,128,2.45,67.25,26.30%
6/9/24 04:15 PM,517,3,172.33,2.5,68.5,13.20%
6/9/24 04:30 PM,245,2,122.5,2.5,68.5,28.00%
6/9/24 04:45 PM,492,4,123,2.5,70.35,14.30%
6/9/24 05:00 PM,204,2,102,2.5,71.5,35.00%
6/9/24 05:15 PM,517,2,258.5,2.5,71.5,13.80%
6/9/24 05:30 PM,304,3,101.33,2.5,71.5,23.50%
6/9/24 05:45 PM,464,4,116,2.5,71.5,15.40%
6/9/24 06:00 PM,541,2,270.5,2.69,71.5,13.20%
6/9/24 06:15 PM,493,3,164.33,2.75,71.5,14.50%
6/9/24 06:30 PM,531,4,132.75,2.75,71.5,13.50%
6/9/24 06:45 PM,522.8,4,130.7,2.75,71.5,13.70%
6/9/24 07:00 PM,228,4,57,2.75,71.5,31.40%
6/9/24 07:15 PM,218,2,109,2.75,71.5,32.80%
6/9/24 07:30 PM,137,2,68.5,2.75,71.5,52.20%
6/9/24 07:45 PM,756.4,6,126.07,2.75,71.5,9.50%
6/9/24 08:00 PM,490,5,98,2.75,71.5,14.60%
6/9/24 08:15 PM,332.8,2,166.4,2.75,71.5,21.50%
6/9/24 08:30 PM,170,1,170,2.75,71.5,42.10%
6/9/24 08:45 PM,114,1,114,2.75,71.5,62.70%
6/9/24 09:00 PM,0,0,0,2.54,65.91,0.00%
6/9/24 09:15 PM,0,0,0,2.5,64.75,0.00%
6/9/24 09:30 PM,0,0,0,2.5,64.75,0.00%
6/9/24 09:45 PM,0,0,0,2.05,50.44,0.00%
6/9/24 10:00 PM,0,0,0,1.31,27.27,0.00%
6/9/24 10:15 PM,0,0,0,0.78,17.83,0.00%
6/9/24 10:30 PM,0,0,0,0.25,5.5,0.00%
6/9/24 10:45 PM,0,0,0,0.19,4.28,0.00%
6/10/24 04:00 PM,0,0,0,0,0,0.00%
6/10/24 04:15 PM,0,0,0,0,0,0.00%
6/10/24 04:30 PM,0,0,0,0,0,0.00%
6/10/24 04:45 PM,0,0,0,0,0,0.00%
6/10/24 05:00 PM,0,0,0,0,0,0.00%
6/10/24 05:15 PM,0,0,0,0,0,0.00%
6/10/24 05:30 PM,0,0,0,0,0,0.00%
6/10/24 05:45 PM,0,0,0,0,0,0.00%
6/10/24 06:00 PM,0,0,0,0,0,0.00%
6/10/24 06:15 PM,0,0,0,0,0,0.00%
6/10/24 06:30 PM,0,0,0,0,0,0.00%
6/10/24 06:45 PM,0,0,0,0,0,0.00%
6/10/24 07:00 PM,0,0,0,0,0,0.00%
6/10/24 07:15 PM,0,0,0,0,0,0.00%
6/10/24 07:30 PM,0,0,0,0,0,0.00%
6/10/24 07:45 PM,0,0,0,0,0,0.00%
6/10/24 08:00 PM,0,0,0,0,0,0.00%
6/10/24 08:15 PM,0,0,0,0,0,0.00%
6/10/24 08:30 PM,0,0,0,0,0,0.00%
6/10/24 08:45 PM,0,0,0,0,0,0.00%
6/10/24 09:00 PM,0,0,0,0,0,0.00%
6/10/24 09:15 PM,0,0,0,0,0,0.00%
6/10/24 09:30 PM,0,0,0,0,0,0.00%
6/10/24 09:45 PM,0,0,0,0,0,0.00%
6/10/24 10:00 PM,0,0,0,0,0,0.00%
6/10/24 10:15 PM,0,0,0,0,0,0.00%
6/10/24 10:30 PM,0,0,0,0,0,0.00%
6/10/24 10:45 PM,0,0,0,0,0,0.00%
6/11/24 04:00 PM,0,0,0,1.75,37.41,0.00%
6/11/24 04:15 PM,0,0,0,1.75,37.5,0.00%
6/11/24 04:30 PM,0,0,0,1.9,41.53,0.00%
6/11/24 04:45 PM,0,0,0,2,44.25,0.00%
6/11/24 05:00 PM,597,4,149.25,2.23,50.53,8.50%
6/11/24 05:15 PM,254,3,84.67,2.25,51,20.10%
6/11/24 05:30 PM,0,0,0,2.25,51,0.00%
6/11/24 05:45 PM,109,1,109,2.25,51,46.80%
6/11/24 06:00 PM,406,2,203,2.25,51,12.60%
6/11/24 06:15 PM,128,1,128,2.25,51,39.80%
6/11/24 06:30 PM,467,2,233.5,2.25,51,10.90%
6/11/24 06:45 PM,184,2,92,2.25,51,27.70%
6/11/24 07:00 PM,477,3,159,2.25,51,10.70%
6/11/24 07:15 PM,249,1,249,2.25,51,20.50%
6/11/24 07:30 PM,67.58,1,67.58,2.08,46.48,68.80%
6/11/24 07:45 PM,122,1,122,2,44.25,36.30%
6/11/24 08:00 PM,0,0,0,2,44.25,0.00%
6/11/24 08:15 PM,236,2,118,2,44.25,18.80%
6/11/24 08:30 PM,186,1,186,2,44.25,23.80%
6/11/24 08:45 PM,0,1,0,2,44.25,0.00%
6/11/24 09:00 PM,0,0,0,2,44.25,0.00%
6/11/24 09:15 PM,0,0,0,1.81,39.19,0.00%
6/11/24 09:30 PM,0,0,0,1.74,37.5,0.00%
6/11/24 09:45 PM,0,0,0,1.09,26.55,0.00%
6/11/24 10:00 PM,0,0,0,0.29,6.2,0.00%
6/11/24 10:15 PM,0,0,0,0.04,0.91,0.00%
6/11/24 10:30 PM,0,0,0,0,0,0.00%
6/11/24 10:45 PM,0,0,0,0,0,0.00%
6/12/24 04:00 PM,0,0,0,2,42.5,0.00%
6/12/24 04:15 PM,0,0,0,2.05,43.76,0.00%
6/12/24 04:30 PM,0,0,0,2.59,58.33,0.00%
6/12/24 04:45 PM,0,0,0,2.59,59.46,0.00%
6/12/24 05:00 PM,118,2,59,2.5,57.5,48.70%
6/12/24 05:15 PM,262,3,87.33,2.5,57.5,21.90%
6/12/24 05:30 PM,500.4,2,250.2,2.5,57.5,11.50%
6/12/24 05:45 PM,717,2,358.5,2.5,57.5,8.00%
6/12/24 06:00 PM,335,3,111.67,2.5,57.5,17.20%
6/12/24 06:15 PM,0,0,0,2.5,57.5,0.00%
6/12/24 06:30 PM,874,5,174.8,2.5,57.5,6.60%
6/12/24 06:45 PM,382,2,191,2.5,57.5,15.10%
6/12/24 07:00 PM,345,3,115,2.5,57.5,16.70%
6/12/24 07:15 PM,146,1,146,2.5,57.5,39.40%
6/12/24 07:30 PM,545,4,136.25,2.5,57.5,10.60%
6/12/24 07:45 PM,0,0,0,2.5,57.5,0.00%
6/12/24 08:00 PM,160,1,160,2.5,57.5,35.90%
6/12/24 08:15 PM,86,2,43,2.5,57.5,66.90%
6/12/24 08:30 PM,0,0,0,2.5,57.5,0.00%
6/12/24 08:45 PM,0,0,0,2.5,57.5,0.00%
6/12/24 09:00 PM,0,0,0,2.32,52.77,0.00%
6/12/24 09:15 PM,0,0,0,2.25,50.75,0.00%
6/12/24 09:30 PM,0,0,0,1.38,28.21,0.00%
6/12/24 09:45 PM,0,0,0,0.41,7.99,0.00%
6/12/24 10:00 PM,0,0,0,0.25,5.25,0.00%
6/12/24 10:15 PM,0,0,0,0.04,0.76,0.00%
6/12/24 10:30 PM,0,0,0,0,0,0.00%
6/12/24 10:45 PM,0,0,0,0,0,0.00%
6/13/24 04:00 PM,0,0,0,1.5,36.5,0.00%
6/13/24 04:15 PM,0,0,0,1.58,38.53,0.00%
6/13/24 04:30 PM,0,0,0,1.97,49.28,0.00%
6/13/24 04:45 PM,0,0,0,2.18,54.76,0.00%
6/13/24 05:00 PM,0,0,0,2.25,56.75,0.00%
6/13/24 05:15 PM,272,2,136,2.25,56.75,20.90%
6/13/24 05:30 PM,293,2,146.5,2.18,55.22,18.80%
6/13/24 05:45 PM,125,1,125,1.91,49.09,39.30%
6/13/24 06:00 PM,398,3,132.67,1.83,44.75,11.20%
6/13/24 06:15 PM,450.6,2,225.3,2,44.75,9.90%
6/13/24 06:30 PM,109,1,109,2,44.75,41.10%
6/13/24 06:45 PM,582,4,145.5,2,44.75,7.70%
6/13/24 07:00 PM,327,2,163.5,2,44.75,13.70%
6/13/24 07:15 PM,0,0,0,2,44.75,0.00%
6/13/24 07:30 PM,278,2,139,2,44.75,16.10%
6/13/24 07:45 PM,116,1,116,2,44.75,38.60%
6/13/24 08:00 PM,49,1,49,2,44.75,91.30%
6/13/24 08:15 PM,23,1,23,2,44.75,194.60%
6/13/24 08:30 PM,0,0,0,2,44.75,0.00%
6/13/24 08:45 PM,0,0,0,2,44.75,0.00%
6/13/24 09:00 PM,0,0,0,2,44.75,0.00%
6/13/24 09:15 PM,0,0,0,1.34,27.48,0.00%
6/13/24 09:30 PM,0,0,0,0.51,5.5,0.00%
6/13/24 09:45 PM,0,0,0,0.5,5.25,0.00%
6/13/24 10:00 PM,0,0,0,0.27,0.32,0.00%
6/13/24 10:15 PM,0,0,0,0.25,0,0.00%
6/13/24 10:30 PM,0,0,0,0.25,0,0.00%
6/13/24 10:45 PM,0,0,0,0.25,0,0.00%
6/14/24 04:00 PM,0,0,0,1.75,38,0.00%
6/14/24 04:15 PM,0,0,0,1.9,42.1,0.00%
6/14/24 04:30 PM,0,0,0,2.74,64.79,0.00%
6/14/24 04:45 PM,0,0,0,2.95,70.46,0.00%
6/14/24 05:00 PM,94,1,94,3,71.75,76.30%
6/14/24 05:15 PM,885,5,177,3,71.75,8.10%
6/14/24 05:30 PM,990,7,141.43,3,71.75,7.20%
6/14/24 05:45 PM,480,3,160,3,71.75,14.90%
6/14/24 06:00 PM,686,4,171.5,3,71.75,10.50%
6/14/24 06:15 PM,325,2,162.5,3,71.75,22.10%
6/14/24 06:30 PM,180,2,90,3,71.75,39.90%
6/14/24 06:45 PM,917,5,183.4,3,71.75,7.80%
6/14/24 07:00 PM,313,2,156.5,3,71.75,22.90%
6/14/24 07:15 PM,821,4,205.25,3,71.75,8.70%
6/14/24 07:30 PM,435,5,87,3,71.75,16.50%
6/14/24 07:45 PM,427,4,106.75,3,71.75,16.80%
6/14/24 08:00 PM,195,2,97.5,3,71.75,36.80%
6/14/24 08:15 PM,127,1,127,3,71.75,56.50%
6/14/24 08:30 PM,0,0,0,3,71.75,0.00%
6/14/24 08:45 PM,251,1,251,3,71.75,28.60%
6/14/24 09:00 PM,0,0,0,3,71.75,0.00%
6/14/24 09:15 PM,145,2,72.5,2.88,68.56,47.30%
6/14/24 09:30 PM,0,0,0,2.72,64.18,0.00%
6/14/24 09:45 PM,6.5,1,6.5,2.4,55.55,854.60%
6/14/24 10:00 PM,0,0,0,1.88,41.46,0.00%
6/14/24 10:15 PM,0,0,0,1.75,38,0.00%
6/14/24 10:30 PM,6.5,1,6.5,1.37,28.33,435.80%
6/14/24 10:45 PM,0,0,0,0.92,16.68,0.00%
6/15/24 04:00 PM,0,0,0,2.03,44.69,0.00%
6/15/24 04:15 PM,0,0,0,2.25,50.82,0.00%
6/15/24 04:30 PM,0,0,0,2.73,63.61,0.00%
6/15/24 04:45 PM,0,1,0,2.85,66.95,0.00%
6/15/24 05:00 PM,323,3,107.67,3.25,77.75,24.10%
6/15/24 05:15 PM,221,3,73.67,3.25,77.75,35.20%
6/15/24 05:30 PM,555,3,185,3.25,77.75,14.00%
6/15/24 05:45 PM,588,3,196,3.25,77.75,13.20%
6/15/24 06:00 PM,453,4,113.25,3.25,77.75,17.20%
6/15/24 06:15 PM,296,1,296,3.25,77.75,26.30%
6/15/24 06:30 PM,164,2,82,3.25,77.75,47.40%
6/15/24 06:45 PM,739,4,184.75,3.25,77.75,10.50%
6/15/24 07:00 PM,574,3,191.33,3.25,77.75,13.50%
6/15/24 07:15 PM,233,3,77.67,3.25,77.75,33.40%
6/15/24 07:30 PM,349.3,5,69.86,3.25,77.75,22.30%
6/15/24 07:45 PM,399,3,133,3.25,77.75,19.50%
6/15/24 08:00 PM,1275,2,637.5,3.25,77.75,6.10%
6/15/24 08:15 PM,0,0,0,3.25,77.75,0.00%
6/15/24 08:30 PM,118,2,59,3.25,77.75,65.90%
6/15/24 08:45 PM,391,3,130.33,3.25,77.75,19.90%
6/15/24 09:00 PM,166,2,83,3.15,75.07,45.20%
6/15/24 09:15 PM,0,0,0,3,71,0.00%
6/15/24 09:30 PM,0,0,0,3,71,0.00%
6/15/24 09:45 PM,96,1,96,2.97,70.16,73.10%
6/15/24 10:00 PM,0,0,0,2.36,53.84,0.00%
6/15/24 10:15 PM,3.5,1,3.5,2.25,51,1457.10%
6/15/24 10:30 PM,0,0,0,2.15,48.34,0.00%
6/15/24 10:45 PM,0,0,0,1.68,42.16,0.00%
6/16/24 04:00 PM,336,3,112,2.53,62.85,18.70%
6/16/24 04:15 PM,213,2,106.5,2.75,64.25,30.20%
6/16/24 04:30 PM,92,1,92,2.75,64.25,69.80%
6/16/24 04:45 PM,449,3,149.67,2.75,64.25,14.30%
6/16/24 05:00 PM,690,7,98.57,2.75,64.25,9.30%
6/16/24 05:15 PM,185,2,92.5,2.75,65.97,35.70%
6/16/24 05:30 PM,106,1,106,2.93,72.42,68.30%
6/16/24 05:45 PM,374.4,4,93.6,3,74.25,19.80%
6/16/24 06:00 PM,638.4,5,127.68,3,74.25,11.60%
6/16/24 06:15 PM,400,4,100,3,74.25,18.60%
6/16/24 06:30 PM,504,3,168,3,74.25,14.70%
6/16/24 06:45 PM,663,4,165.75,3,74.25,11.20%
6/16/24 07:00 PM,514,2,257,3,74.25,14.40%
6/16/24 07:15 PM,315.1,3,105.03,3,74.25,23.60%
6/16/24 07:30 PM,76,1,76,3,74.25,97.70%
6/16/24 07:45 PM,384,2,192,3,74.25,19.30%
6/16/24 08:00 PM,433,4,108.25,3,74.25,17.10%
6/16/24 08:15 PM,91,1,91,3,74.25,81.60%
6/16/24 08:30 PM,416,2,208,2.77,68.99,16.60%
6/16/24 08:45 PM,637,2,318.5,2.75,71.41,11.20%
6/16/24 09:00 PM,0,0,0,2.75,73.75,0.00%
6/16/24 09:15 PM,0,0,0,2.75,73.75,0.00%
6/16/24 09:30 PM,0,0,0,2.75,73.75,0.00%
6/16/24 09:45 PM,0,0,0,2.75,73.75,0.00%
6/16/24 10:00 PM,17,1,17,2.5,67.11,394.80%
6/16/24 10:15 PM,0,0,0,2.43,64.21,0.00%
6/16/24 10:30 PM,32.5,2,16.25,1.84,44.74,137.70%
6/16/24 10:45 PM,2.5,1,2.5,0.66,14.54,581.60%
6/17/24 04:00 PM,0,0,0,0.75,17.75,0.00%
6/17/24 04:15 PM,0,0,0,0.75,17.75,0.00%
6/17/24 04:30 PM,0,0,0,0.75,17.75,0.00%
6/17/24 04:45 PM,0,0,0,0.75,17.75,0.00%
6/17/24 05:00 PM,0,0,0,0.75,17.75,0.00%
6/17/24 05:15 PM,0,0,0,0.75,17.75,0.00%
6/17/24 05:30 PM,0,0,0,0.43,10.36,0.00%
6/17/24 05:45 PM,0,0,0,0,0,0.00%
6/17/24 06:00 PM,0,0,0,0,0,0.00%
6/17/24 06:15 PM,0,0,0,0,0,0.00%
6/17/24 06:30 PM,0,0,0,0,0,0.00%
6/17/24 06:45 PM,0,0,0,0,0,0.00%
6/17/24 07:00 PM,0,0,0,0,0,0.00%
6/17/24 07:15 PM,0,0,0,0,0,0.00%
6/17/24 07:30 PM,0,0,0,0,0,0.00%
6/17/24 07:45 PM,0,0,0,0,0,0.00%
6/17/24 08:00 PM,0,0,0,0,0,0.00%
6/17/24 08:15 PM,0,0,0,0,0,0.00%
6/17/24 08:30 PM,0,0,0,0,0,0.00%
6/17/24 08:45 PM,0,0,0,0,0,0.00%
6/17/24 09:00 PM,0,0,0,0,0,0.00%
6/17/24 09:15 PM,0,0,0,0,0,0.00%
6/17/24 09:30 PM,0,0,0,0,0,0.00%
6/17/24 09:45 PM,0,0,0,0,0,0.00%
6/17/24 10:00 PM,0,0,0,0,0,0.00%
6/17/24 10:15 PM,0,0,0,0,0,0.00%
6/17/24 10:30 PM,0,0,0,0,0,0.00%
6/17/24 10:45 PM,0,0,0,0,0,0.00%
6/18/24 04:00 PM,0,0,0,2,44,0.00%
6/18/24 04:15 PM,0,0,0,2,44,0.00%
6/18/24 04:30 PM,0,0,0,2,44,0.00%
6/18/24 04:45 PM,0,0,0,2.04,44.95,0.00%
6/18/24 05:00 PM,0,0,0,2.48,57.08,0.00%
6/18/24 05:15 PM,236,3,78.67,2.5,57.5,24.40%
6/18/24 05:30 PM,193,1,193,2.64,61.18,31.70%
6/18/24 05:45 PM,97,1,97,2.75,64.25,66.20%
6/18/24 06:00 PM,184.5,1,184.5,2.75,64.25,34.80%
6/18/24 06:15 PM,320,3,106.67,2.75,64.25,20.10%
6/18/24 06:30 PM,96,1,96,2.75,64.25,66.90%
6/18/24 06:45 PM,962,5,192.4,2.75,64.25,6.70%
6/18/24 07:00 PM,893,5,178.6,2.75,64.25,7.20%
6/18/24 07:15 PM,447.9,5,89.58,2.75,64.25,14.30%
6/18/24 07:30 PM,445,4,111.25,2.75,64.25,14.40%
6/18/24 07:45 PM,0,0,0,2.75,64.25,0.00%
6/18/24 08:00 PM,85,1,85,2.75,64.25,75.60%
6/18/24 08:15 PM,0,0,0,2.75,64.25,0.00%
6/18/24 08:30 PM,45,2,22.5,2.75,64.25,142.80%
6/18/24 08:45 PM,172,1,172,2.75,64.25,37.40%
6/18/24 09:00 PM,0,0,0,2.36,53.79,0.00%
6/18/24 09:15 PM,0,0,0,2.25,50.75,0.00%
6/18/24 09:30 PM,32,1,32,2.15,48.11,150.30%
6/18/24 09:45 PM,6.5,1,6.5,1.65,35,538.50%
6/18/24 10:00 PM,0,0,0,0.39,8.95,0.00%
6/18/24 10:15 PM,0,0,0,0.25,5.25,0.00%
6/18/24 10:30 PM,0,0,0,0.01,0.22,0.00%
6/18/24 10:45 PM,0,0,0,0,0,0.00%
6/19/24 04:00 PM,0,0,0,1.5,36.5,0.00%
6/19/24 04:15 PM,0,0,0,1.51,36.86,0.00%
6/19/24 04:30 PM,0,0,0,1.75,43.25,0.00%
6/19/24 04:45 PM,0,0,0,1.78,43.25,0.00%
6/19/24 05:00 PM,140,1,140,2,43.25,30.90%
6/19/24 05:15 PM,75,1,75,2,43.25,57.70%
6/19/24 05:30 PM,172,2,86,2,43.25,25.10%
6/19/24 05:45 PM,262,3,87.33,1.8,39.13,14.90%
6/19/24 06:00 PM,75,1,75,1.75,38,50.70%
6/19/24 06:15 PM,380,2,190,1.75,38,10.00%
6/19/24 06:30 PM,0,0,0,1.75,38,0.00%
6/19/24 06:45 PM,167,2,83.5,1.75,38,22.80%
6/19/24 07:00 PM,517,4,129.25,1.75,38,7.40%
6/19/24 07:15 PM,380,3,126.67,1.75,38,10.00%
6/19/24 07:30 PM,136,1,136,1.75,38,27.90%
6/19/24 07:45 PM,0,0,0,1.75,38,0.00%
6/19/24 08:00 PM,589,3,196.33,1.75,38,6.50%
6/19/24 08:15 PM,89,1,89,1.75,38,42.70%
6/19/24 08:30 PM,60,1,60,1.75,38,63.30%
6/19/24 08:45 PM,0,0,0,1.75,38,0.00%
6/19/24 09:00 PM,0,0,0,1.75,38,0.00%
6/19/24 09:15 PM,0,0,0,1.75,38,0.00%
6/19/24 09:30 PM,0,0,0,1.75,38,0.00%
6/19/24 09:45 PM,0,0,0,1.75,37.95,0.00%
6/19/24 10:00 PM,0,0,0,1.03,19.53,0.00%
6/19/24 10:15 PM,0,0,0,0.55,6.64,0.00%
6/19/24 10:30 PM,0,0,0,0.25,0,0.00%
6/19/24 10:45 PM,0,0,0,0.25,0,0.00%
6/20/24 04:00 PM,0,0,0,2.13,49.04,0.00%
6/20/24 04:15 PM,0,0,0,2.25,50,0.00%
6/20/24 04:30 PM,0,0,0,2.25,50,0.00%
6/20/24 04:45 PM,0,0,0,2.41,54.23,0.00%
6/20/24 05:00 PM,0,0,0,2.36,53.1,0.00%
6/20/24 05:15 PM,52,2,26,2.25,50,96.20%
6/20/24 05:30 PM,0,0,0,2.25,50,0.00%
6/20/24 05:45 PM,106,1,106,2.23,49.65,46.80%
6/20/24 06:00 PM,533,4,133.25,2,44.75,8.40%
6/20/24 06:15 PM,709.2,5,141.84,2,44.75,6.30%
6/20/24 06:30 PM,175,2,87.5,2,44.75,25.60%
6/20/24 06:45 PM,179.4,2,89.7,2,44.75,24.90%
6/20/24 07:00 PM,256,1,256,2,44.75,17.50%
6/20/24 07:15 PM,122,1,122,2,44.75,36.70%
6/20/24 07:30 PM,104,1,104,2,44.75,43.00%
6/20/24 07:45 PM,0,0,0,2,44.75,0.00%
6/20/24 08:00 PM,204,1,204,2,44.75,21.90%
6/20/24 08:15 PM,58,1,58,2,44.75,77.20%
6/20/24 08:30 PM,0,0,0,2,47.02,0.00%
6/20/24 08:45 PM,224,1,224,2,47.38,21.20%
6/20/24 09:00 PM,0,0,0,2,47.38,0.00%
6/20/24 09:15 PM,0,0,0,1.83,42.84,0.00%
6/20/24 09:30 PM,0,0,0,1.52,34.35,0.00%
6/20/24 09:45 PM,0,0,0,1.25,28.1,0.00%
6/20/24 10:00 PM,0,0,0,0.38,11.3,0.00%
6/20/24 10:15 PM,0,0,0,0.24,7.5,0.00%
6/20/24 10:30 PM,0,0,0,0,0,0.00%
6/20/24 10:45 PM,0,0,0,0,0,0.00%
6/21/24 04:00 PM,0,0,0,1.06,26.49,0.00%
6/21/24 04:15 PM,0,0,0,1.39,31.5,0.00%
6/21/24 04:30 PM,0,0,0,1.68,36.26,0.00%
6/21/24 04:45 PM,0,0,0,1.96,43.98,0.00%
6/21/24 05:00 PM,239,2,119.5,2.28,52.51,22.00%
6/21/24 05:15 PM,735,3,245,2.5,58.5,8.00%
6/21/24 05:30 PM,444,4,111,2.5,58.5,13.20%
6/21/24 05:45 PM,616,5,123.2,2.5,58.5,9.50%
6/21/24 06:00 PM,242,2,121,2.5,58.5,24.20%
6/21/24 06:15 PM,381,2,190.5,2.5,58.5,15.40%
6/21/24 06:30 PM,350,3,116.67,2.5,58.5,16.70%
6/21/24 06:45 PM,582,4,145.5,2.5,58.5,10.10%
6/21/24 07:00 PM,414,3,138,2.5,58.5,14.10%
6/21/24 07:15 PM,144,2,72,2.5,58.5,40.60%
6/21/24 07:30 PM,837,8,104.62,2.5,58.5,7.00%
6/21/24 07:45 PM,0,0,0,2.5,58.5,0.00%
6/21/24 08:00 PM,337,3,112.33,2.5,58.5,17.40%
6/21/24 08:15 PM,260,1,260,2.5,58.5,22.50%
6/21/24 08:30 PM,253,2,126.5,2.5,58.5,23.10%
6/21/24 08:45 PM,0,0,0,2.5,58.5,0.00%
6/21/24 09:00 PM,100.8,1,100.8,2.5,58.5,58.00%
6/21/24 09:15 PM,0,0,0,2.21,50.74,0.00%
6/21/24 09:30 PM,6.5,1,6.5,1.77,38.76,596.30%
6/21/24 09:45 PM,13,1,13,1.75,38.25,294.20%
6/21/24 10:00 PM,0,0,0,1.75,38.25,0.00%
6/21/24 10:15 PM,0,0,0,1.75,38.25,0.00%
6/21/24 10:30 PM,0,0,0,1.02,19.21,0.00%
6/21/24 10:45 PM,0,0,0,0.75,12.25,0.00%
6/22/24 04:00 PM,0,0,0,1.93,42.15,0.00%
6/22/24 04:15 PM,0,0,0,2,44,0.00%
6/22/24 04:30 PM,0,0,0,2.22,49.91,0.00%
6/22/24 04:45 PM,0,0,0,2.5,57.5,0.00%
6/22/24 05:00 PM,475,3,158.33,2.5,57.5,12.10%
6/22/24 05:15 PM,60,1,60,2.5,57.5,95.80%
6/22/24 05:30 PM,297,2,148.5,2.5,57.5,19.40%
6/22/24 05:45 PM,228,4,57,2.5,57.5,25.20%
6/22/24 06:00 PM,126,1,126,2.5,57.5,45.60%
6/22/24 06:15 PM,265,3,88.33,2.5,57.5,21.70%
6/22/24 06:30 PM,247.2,3,82.4,2.5,57.5,23.30%
6/22/24 06:45 PM,540,3,180,2.5,57.5,10.60%
6/22/24 07:00 PM,778,6,129.67,2.5,57.5,7.40%
6/22/24 07:15 PM,849,6,141.5,2.5,57.5,6.80%
6/22/24 07:30 PM,133,1,133,2.5,57.5,43.20%
6/22/24 07:45 PM,0,0,0,2.5,57.5,0.00%
6/22/24 08:00 PM,100,1,100,2.5,57.5,57.50%
6/22/24 08:15 PM,32,1,32,2.5,57.5,179.70%
6/22/24 08:30 PM,0,0,0,2.5,57.5,0.00%
6/22/24 08:45 PM,316,2,158,2.5,57.5,18.20%
6/22/24 09:00 PM,0,0,0,2.5,57.5,0.00%
6/22/24 09:15 PM,0,0,0,2.44,55.86,0.00%
6/22/24 09:30 PM,0,0,0,2.25,51,0.00%
6/22/24 09:45 PM,0,0,0,2.25,51,0.00%
6/22/24 10:00 PM,0,0,0,2.25,51,0.00%
6/22/24 10:15 PM,0,0,0,1.94,42.51,0.00%
6/22/24 10:30 PM,0,1,0,1.12,21.62,0.00%
6/22/24 10:45 PM,0,0,0,0.57,7.49,0.00%
6/23/24 04:00 PM,0,0,0,2.71,70.25,0.00%
6/23/24 04:15 PM,189,1,189,2.75,71.25,37.70%
6/23/24 04:30 PM,114,1,114,2.87,71.25,62.50%
6/23/24 04:45 PM,257,3,85.67,3,71.25,27.70%
6/23/24 05:00 PM,566,4,141.5,3,71.25,12.60%
6/23/24 05:15 PM,337,3,112.33,3,71.25,21.10%
6/23/24 05:30 PM,456,3,152,3,71.25,15.60%
6/23/24 05:45 PM,153,2,76.5,3,71.25,46.60%
6/23/24 06:00 PM,573,4,143.25,3,71.25,12.40%
6/23/24 06:15 PM,597,4,149.25,3,71.25,11.90%
6/23/24 06:30 PM,156,1,156,3,71.25,45.70%
6/23/24 06:45 PM,709,4,177.25,3,71.25,10.00%
6/23/24 07:00 PM,203,2,101.5,3,71.25,35.10%
6/23/24 07:15 PM,342,3,114,3,71.25,20.80%
6/23/24 07:30 PM,326,3,108.67,3,71.25,21.90%
6/23/24 07:45 PM,329,2,164.5,3,71.25,21.70%
6/23/24 08:00 PM,461,3,153.67,2.98,70.63,15.30%
6/23/24 08:15 PM,194,2,97,2.52,58.23,30.00%
6/23/24 08:30 PM,186,2,93,2.5,57.75,31.00%
6/23/24 08:45 PM,0,0,0,2.5,57.75,0.00%
6/23/24 09:00 PM,0,0,0,2.5,57.75,0.00%
6/23/24 09:15 PM,0,0,0,2.5,57.75,0.00%
6/23/24 09:30 PM,0,0,0,2.5,57.75,0.00%
6/23/24 09:45 PM,0,0,0,2.22,50.13,0.00%
6/23/24 10:00 PM,0,0,0,1.46,30.66,0.00%
6/23/24 10:15 PM,0,0,0,0.85,15.08,0.00%
6/23/24 10:30 PM,0,0,0,0.57,7.37,0.00%
6/23/24 10:45 PM,0,0,0,0.5,5.5,0.00%
6/24/24 04:00 PM,0,0,0,0.75,17.75,0.00%
6/24/24 04:15 PM,0,0,0,0.75,17.75,0.00%
6/24/24 04:30 PM,0,0,0,0.55,13.56,0.00%
6/24/24 04:45 PM,0,0,0,0.06,1.69,0.00%
6/24/24 05:00 PM,0,0,0,0,0,0.00%
6/24/24 05:15 PM,0,0,0,0,0,0.00%
6/24/24 05:30 PM,0,0,0,0,0,0.00%
6/24/24 05:45 PM,0,0,0,0,0,0.00%
6/24/24 06:00 PM,0,0,0,0,0,0.00%
6/24/24 06:15 PM,0,0,0,0,0,0.00%
6/24/24 06:30 PM,0,0,0,0,0,0.00%
6/24/24 06:45 PM,0,0,0,0,0,0.00%
6/24/24 07:00 PM,0,0,0,0,0,0.00%
6/24/24 07:15 PM,0,0,0,0,0,0.00%
6/24/24 07:30 PM,0,0,0,0,0,0.00%
6/24/24 07:45 PM,0,0,0,0,0,0.00%
6/24/24 08:00 PM,0,0,0,0,0,0.00%
6/24/24 08:15 PM,0,0,0,0,0,0.00%
6/24/24 08:30 PM,0,0,0,0,0,0.00%
6/24/24 08:45 PM,0,0,0,0,0,0.00%
6/24/24 09:00 PM,0,0,0,0,0,0.00%
6/24/24 09:15 PM,0,0,0,0,0,0.00%
6/24/24 09:30 PM,0,0,0,0,0,0.00%
6/24/24 09:45 PM,0,0,0,0,0,0.00%
6/24/24 10:00 PM,0,0,0,0,0,0.00%
6/24/24 10:15 PM,0,0,0,0,0,0.00%
6/24/24 10:30 PM,0,0,0,0,0,0.00%
6/24/24 10:45 PM,0,0,0,0,0,0.00%
6/25/24 04:00 PM,0,0,0,1.25,31.25,0.00%
6/25/24 04:15 PM,0,0,0,1.31,32.86,0.00%
6/25/24 04:30 PM,0,0,0,1.75,44.75,0.00%
6/25/24 04:45 PM,0,0,0,1.76,45.03,0.00%
6/25/24 05:00 PM,0,0,0,2.2,51.5,0.00%
6/25/24 05:15 PM,249,1,249,2.25,51.5,20.70%
6/25/24 05:30 PM,481,2,240.5,2.25,51.5,10.70%
6/25/24 05:45 PM,192,2,96,2.25,51.5,26.80%
6/25/24 06:00 PM,561,4,140.25,2.25,51.5,9.20%
6/25/24 06:15 PM,331,1,331,2.25,51.5,15.60%
6/25/24 06:30 PM,258.5,1,258.5,2.25,51.5,19.90%
6/25/24 06:45 PM,1469,7,209.86,2.25,51.5,3.50%
6/25/24 07:00 PM,431,5,86.2,2.25,51.5,11.90%
6/25/24 07:15 PM,482,4,120.5,2.25,51.5,10.70%
6/25/24 07:30 PM,0,0,0,2.25,51.5,0.00%
6/25/24 07:45 PM,174,2,87,2.25,51.5,29.60%
6/25/24 08:00 PM,0,0,0,2.25,51.5,0.00%
6/25/24 08:15 PM,595,3,198.33,2.25,51.5,8.70%
6/25/24 08:30 PM,0,0,0,2.25,51.5,0.00%
6/25/24 08:45 PM,0,0,0,2.25,51.5,0.00%
6/25/24 09:00 PM,0,0,0,2.25,51.5,0.00%
6/25/24 09:15 PM,42,1,42,2.17,49.41,117.60%
6/25/24 09:30 PM,0,0,0,2,44.75,0.00%
6/25/24 09:45 PM,0,0,0,1.83,40.2,0.00%
6/25/24 10:00 PM,0,0,0,1.48,31.57,0.00%
6/25/24 10:15 PM,0,0,0,0.8,13.22,0.00%
6/25/24 10:30 PM,0,0,0,0.35,6.96,0.00%
6/25/24 10:45 PM,0,0,0,0,0,0.00%
6/26/24 04:00 PM,0,0,0,1.25,29.75,0.00%
6/26/24 04:15 PM,0,0,0,1.27,30.26,0.00%
6/26/24 04:30 PM,0,0,0,1.74,42.95,0.00%
6/26/24 04:45 PM,0,0,0,1.79,43.25,0.00%
6/26/24 05:00 PM,0,0,0,2,43.25,0.00%
6/26/24 05:15 PM,427,2,213.5,2,43.25,10.10%
6/26/24 05:30 PM,474,4,118.5,2,43.25,9.10%
6/26/24 05:45 PM,406,3,135.33,2,43.25,10.70%
6/26/24 06:00 PM,376,2,188,1.98,42.76,11.40%
6/26/24 06:15 PM,206,1,206,1.75,38,18.40%
6/26/24 06:30 PM,133,2,66.5,1.75,38,28.60%
6/26/24 06:45 PM,681,4,170.25,1.75,38,5.60%
6/26/24 07:00 PM,524,3,174.67,1.75,38,7.30%
6/26/24 07:15 PM,73,1,73,1.75,38,52.10%
6/26/24 07:30 PM,123,1,123,1.75,38,30.90%
6/26/24 07:45 PM,66,1,66,1.75,38,57.60%
6/26/24 08:00 PM,69,1,69,1.75,38,55.10%
6/26/24 08:15 PM,91,1,91,1.66,35.55,39.10%
6/26/24 08:30 PM,0,0,0,1.5,31.25,0.00%
6/26/24 08:45 PM,0,0,0,1.5,31.25,0.00%
6/26/24 09:00 PM,0,0,0,1.5,31.25,0.00%
6/26/24 09:15 PM,0,0,0,1.5,31.25,0.00%
6/26/24 09:30 PM,0,0,0,1.5,31.25,0.00%
6/26/24 09:45 PM,0,0,0,1.26,25.38,0.00%
6/26/24 10:00 PM,0,0,0,0.77,18.75,0.00%
6/26/24 10:15 PM,0,0,0,0.62,15.95,0.00%
6/26/24 10:30 PM,0,0,0,0.04,1.11,0.00%
6/26/24 10:45 PM,0,0,0,0,0,0.00%
6/27/24 04:00 PM,0,0,0,1.5,36,0.00%
6/27/24 04:15 PM,0,0,0,1.53,36.73,0.00%
6/27/24 04:30 PM,0,0,0,1.93,47.49,0.00%
6/27/24 04:45 PM,0,0,0,2,49.5,0.00%
6/27/24 05:00 PM,331,2,165.5,2.18,54.27,16.40%
6/27/24 05:15 PM,45,1,45,2.38,56.25,125.00%
6/27/24 05:30 PM,551.3,4,137.82,2.5,56.25,10.20%
6/27/24 05:45 PM,268,3,89.33,2.5,56.25,21.00%
6/27/24 06:00 PM,526,3,175.33,2.5,56.25,10.70%
6/27/24 06:15 PM,313,2,156.5,2.45,55.18,17.60%
6/27/24 06:30 PM,0,0,0,2.25,51,0.00%
6/27/24 06:45 PM,1095,3,365,2.25,51,4.70%
6/27/24 07:00 PM,586.4,5,117.28,2.25,51,8.70%
6/27/24 07:15 PM,581,5,116.2,2.25,51,8.80%
6/27/24 07:30 PM,367.4,3,122.47,2.25,51,13.90%
6/27/24 07:45 PM,169,3,56.33,2.25,51,30.20%
6/27/24 08:00 PM,398,2,199,2.25,51,12.80%
6/27/24 08:15 PM,0,0,0,2.25,51,0.00%
6/27/24 08:30 PM,0,0,0,2.25,51,0.00%
6/27/24 08:45 PM,0,0,0,2.25,51,0.00%
6/27/24 09:00 PM,0,0,0,2.25,51,0.00%
6/27/24 09:15 PM,0,0,0,2.25,51,0.00%
6/27/24 09:30 PM,0,0,0,2.13,47.68,0.00%
6/27/24 09:45 PM,0,0,0,1.94,42.66,0.00%
6/27/24 10:00 PM,0,0,0,1.36,26.99,0.00%
6/27/24 10:15 PM,0,0,0,0.88,21.67,0.00%
6/27/24 10:30 PM,0,0,0,0.25,7.87,0.00%
6/27/24 10:45 PM,0,0,0,0.05,1.52,0.00%
6/28/24 04:00 PM,0,0,0,1.25,31.5,0.00%
6/28/24 04:15 PM,0,0,0,1.25,31.5,0.00%
6/28/24 04:30 PM,0,0,0,1.59,40.71,0.00%
6/28/24 04:45 PM,0,0,0,1.75,45,0.00%
6/28/24 05:00 PM,330,2,165,1.93,45,13.60%
6/28/24 05:15 PM,148,2,74,2,45,30.40%
6/28/24 05:30 PM,797,5,159.4,2,45,5.60%
6/28/24 05:45 PM,822,6,137,2,45,5.50%
6/28/24 06:00 PM,512,4,128,2,45,8.80%
6/28/24 06:15 PM,292,3,97.33,2,45,15.40%
6/28/24 06:30 PM,659,2,329.5,2,45,6.80%
6/28/24 06:45 PM,431.7,5,86.34,2,45,10.40%
6/28/24 07:00 PM,174,1,174,2,45,25.90%
6/28/24 07:15 PM,354,2,177,2,45,12.70%
6/28/24 07:30 PM,1445,6,240.83,2,45,3.10%
6/28/24 07:45 PM,300,2,150,2,45,15.00%
6/28/24 08:00 PM,465,3,155,2,45,9.70%
6/28/24 08:15 PM,415,4,103.75,2,45,10.80%
6/28/24 08:30 PM,127,1,127,2,45,35.40%
6/28/24 08:45 PM,0,0,0,2,45,0.00%
6/28/24 09:00 PM,0,0,0,2,45,0.00%
6/28/24 09:15 PM,0,0,0,2,45,0.00%
6/28/24 09:30 PM,0,0,0,2,45,0.00%
6/28/24 09:45 PM,158,2,79,2,45,28.50%
6/28/24 10:00 PM,0,0,0,2,45,0.00%
6/28/24 10:15 PM,0,0,0,2,45,0.00%
6/28/24 10:30 PM,0,0,0,2,45,0.00%
6/28/24 10:45 PM,0,0,0,1.26,29.94,0.00%
6/29/24 04:00 PM,0,0,0,1.25,31,0.00%
6/29/24 04:15 PM,0,0,0,1.37,34.13,0.00%
6/29/24 04:30 PM,0,0,0,2.17,55.93,0.00%
6/29/24 04:45 PM,0,0,0,2.25,58,0.00%
6/29/24 05:00 PM,495.4,3,165.13,2.25,58,11.70%
6/29/24 05:15 PM,63,1,63,2.38,58,92.10%
6/29/24 05:30 PM,580,5,116,2.5,58,10.00%
6/29/24 05:45 PM,1018,7,145.43,2.5,58,5.70%
6/29/24 06:00 PM,437,4,109.25,2.5,58,13.30%
6/29/24 06:15 PM,130,2,65,2.5,58,44.60%
6/29/24 06:30 PM,290,2,145,2.35,53.82,18.60%
6/29/24 06:45 PM,375,3,125,2.25,51.25,13.70%
6/29/24 07:00 PM,564,4,141,2.25,51.25,9.10%
6/29/24 07:15 PM,763,2,381.5,2.25,51.25,6.70%
6/29/24 07:30 PM,771,4,192.75,2.25,51.25,6.60%
6/29/24 07:45 PM,600,5,120,2.25,51.25,8.50%
6/29/24 08:00 PM,103,1,103,2.25,51.25,49.80%
6/29/24 08:15 PM,166,1,166,2.25,51.25,30.90%
6/29/24 08:30 PM,0,0,0,2.25,51.25,0.00%
6/29/24 08:45 PM,0,0,0,2.25,51.25,0.00%
6/29/24 09:00 PM,0,0,0,2.25,51.25,0.00%
6/29/24 09:15 PM,0,0,0,2.25,51.25,0.00%
6/29/24 09:30 PM,0,1,0,2.25,51.25,0.00%
6/29/24 09:45 PM,0,0,0,2,44.53,0.00%
6/29/24 10:00 PM,28.5,2,14.25,1.82,39.63,139.10%
6/29/24 10:15 PM,0,0,0,1.34,28.73,0.00%
6/29/24 10:30 PM,0,0,0,0.83,19.75,0.00%
6/29/24 10:45 PM,0,0,0,0.51,11.82,0.00%
6/30/24 04:00 PM,558,4,139.5,2.75,71.25,12.80%
6/30/24 04:15 PM,108,1,108,2.75,71.25,66.00%
6/30/24 04:30 PM,0,0,0,2.75,71.25,0.00%
6/30/24 04:45 PM,484.3,5,96.86,2.95,71.25,14.70%
6/30/24 05:00 PM,468.8,5,93.76,3,71.25,15.20%
6/30/24 05:15 PM,567,4,141.75,3,71.25,12.60%
6/30/24 05:30 PM,744,5,148.8,3,71.25,9.60%
6/30/24 05:45 PM,246,1,246,3,71.25,29.00%
6/30/24 06:00 PM,145,1,145,3,71.25,49.10%
6/30/24 06:15 PM,614,4,153.5,3,71.25,11.60%
6/30/24 06:30 PM,971,6,161.83,3,71.25,7.30%
6/30/24 06:45 PM,564,6,94,3,71.25,12.60%
6/30/24 07:00 PM,418,3,139.33,3,71.25,17.00%
6/30/24 07:15 PM,144,1,144,3,71.25,49.50%
6/30/24 07:30 PM,271,2,135.5,3,71.25,26.30%
6/30/24 07:45 PM,238,2,119,3,73.24,30.80%
6/30/24 08:00 PM,0,0,0,3,77.68,0.00%
6/30/24 08:15 PM,99,1,99,3,77.88,78.70%
6/30/24 08:30 PM,130,1,130,3,77.88,59.90%
6/30/24 08:45 PM,0,0,0,3,77.97,0.00%
6/30/24 09:00 PM,0,0,0,2.59,69.84,0.00%
6/30/24 09:15 PM,0,0,0,2,53.88,0.00%
6/30/24 09:30 PM,0,0,0,1.86,50.02,0.00%
6/30/24 09:45 PM,0,0,0,1.43,35.62,0.00%
6/30/24 10:00 PM,0,0,0,0.68,10.39,0.00%
6/30/24 10:15 PM,0,0,0,0.41,5.5,0.00%
6/30/24 10:30 PM,0,0,0,0.1,2.1,0.00%
6/30/24 10:45 PM,0,0,0,0,0,0.00%
7/1/24 04:00 PM,0,0,0,0.75,17.75,0.00%
7/1/24 04:15 PM,0,0,0,0.75,17.75,0.00%
7/1/24 04:30 PM,0,0,0,0.75,17.75,0.00%
7/1/24 04:45 PM,0,0,0,0.75,17.75,0.00%
7/1/24 05:00 PM,0,0,0,0.49,11.93,0.00%
7/1/24 05:15 PM,0,0,0,0,0,0.00%
7/1/24 05:30 PM,0,0,0,0,0,0.00%
7/1/24 05:45 PM,0,0,0,0,0,0.00%
7/1/24 06:00 PM,0,0,0,0,0,0.00%
7/1/24 06:15 PM,0,0,0,0,0,0.00%
7/1/24 06:30 PM,0,0,0,0,0,0.00%
7/1/24 06:45 PM,0,0,0,0,0,0.00%
7/1/24 07:00 PM,0,0,0,0,0,0.00%
7/1/24 07:15 PM,0,0,0,0,0,0.00%
7/1/24 07:30 PM,0,0,0,0,0,0.00%
7/1/24 07:45 PM,0,0,0,0,0,0.00%
7/1/24 08:00 PM,0,0,0,0,0,0.00%
7/1/24 08:15 PM,0,0,0,0,0,0.00%
7/1/24 08:30 PM,0,0,0,0,0,0.00%
7/1/24 08:45 PM,0,0,0,0,0,0.00%
7/1/24 09:00 PM,0,0,0,0,0,0.00%
7/1/24 09:15 PM,0,0,0,0,0,0.00%
7/1/24 09:30 PM,0,0,0,0,0,0.00%
7/1/24 09:45 PM,0,0,0,0,0,0.00%
7/1/24 10:00 PM,0,0,0,0,0,0.00%
7/1/24 10:15 PM,0,0,0,0,0,0.00%
7/1/24 10:30 PM,0,0,0,0,0,0.00%
7/1/24 10:45 PM,0,0,0,0,0,0.00%
7/2/24 04:00 PM,0,0,0,1.5,30.75,0.00%
7/2/24 04:15 PM,0,0,0,1.52,31.23,0.00%
7/2/24 04:30 PM,0,0,0,1.75,37.5,0.00%
7/2/24 04:45 PM,0,0,0,1.75,37.5,0.00%
7/2/24 05:00 PM,0,0,0,1.75,37.5,0.00%
7/2/24 05:15 PM,80,1,80,1.75,37.5,46.90%
7/2/24 05:30 PM,20.3,1,20.3,1.75,37.5,184.70%
7/2/24 05:45 PM,0,0,0,1.75,37.5,0.00%
7/2/24 06:00 PM,129,1,129,1.75,37.5,29.10%
7/2/24 06:15 PM,233,2,116.5,1.75,37.5,16.10%
7/2/24 06:30 PM,314,2,157,1.75,37.5,11.90%
7/2/24 06:45 PM,87,1,87,1.75,37.5,43.10%
7/2/24 07:00 PM,353,2,176.5,1.75,37.5,10.60%
7/2/24 07:15 PM,549,5,109.8,1.75,37.5,6.80%
7/2/24 07:30 PM,336,3,112,1.75,37.5,11.20%
7/2/24 07:45 PM,167,2,83.5,1.75,37.5,22.50%
7/2/24 08:00 PM,0,0,0,1.75,37.5,0.00%
7/2/24 08:15 PM,298,1,298,1.75,37.5,12.60%
7/2/24 08:30 PM,0,0,0,1.75,37.5,0.00%
7/2/24 08:45 PM,0,0,0,1.75,37.5,0.00%
7/2/24 09:00 PM,0,0,0,1.75,37.5,0.00%
7/2/24 09:15 PM,0,0,0,1.75,37.5,0.00%
7/2/24 09:30 PM,0,0,0,1.75,37.5,0.00%
7/2/24 09:45 PM,0,1,0,1.66,35.13,0.00%
7/2/24 10:00 PM,0,0,0,0.7,14.61,0.00%
7/2/24 10:15 PM,0,0,0,0.33,7.29,0.00%
7/2/24 10:30 PM,0,0,0,0.01,0.18,0.00%
7/2/24 10:45 PM,0,0,0,0,0,0.00%
7/3/24 04:00 PM,0,0,0,1.5,29.25,0.00%
7/3/24 04:15 PM,0,0,0,1.52,29.68,0.00%
7/3/24 04:30 PM,0,0,0,1.75,36,0.00%
7/3/24 04:45 PM,0,0,0,1.75,36,0.00%
7/3/24 05:00 PM,159,1,159,1.96,41.68,26.20%
7/3/24 05:15 PM,178,2,89,2,42.75,24.00%
7/3/24 05:30 PM,293,3,97.67,2,42.75,14.60%
7/3/24 05:45 PM,0,0,0,2,42.75,0.00%
7/3/24 06:00 PM,309,2,154.5,2,42.75,13.80%
7/3/24 06:15 PM,774,4,193.5,2,42.75,5.50%
7/3/24 06:30 PM,317,2,158.5,1.95,41.6,13.10%
7/3/24 06:45 PM,255,2,127.5,1.75,37.5,14.70%
7/3/24 07:00 PM,326,3,108.67,1.75,37.5,11.50%
7/3/24 07:15 PM,260,4,65,1.75,37.5,14.40%
7/3/24 07:30 PM,94,1,94,1.75,37.5,39.90%
7/3/24 07:45 PM,399,2,199.5,1.75,37.5,9.40%
7/3/24 08:00 PM,0,0,0,1.75,37.5,0.00%
7/3/24 08:15 PM,0,0,0,1.75,37.5,0.00%
7/3/24 08:30 PM,0,0,0,1.65,34.86,0.00%
7/3/24 08:45 PM,0,0,0,1.5,30.75,0.00%
7/3/24 09:00 PM,0,0,0,1.5,30.75,0.00%
7/3/24 09:15 PM,0,0,0,1.35,27.07,0.00%
7/3/24 09:30 PM,53,4,13.25,0.92,16.57,31.30%
7/3/24 09:45 PM,10,1,10,0.34,5.25,52.50%
7/3/24 10:00 PM,0,0,0,0.25,5.25,0.00%
7/3/24 10:15 PM,0,0,0,0.04,0.81,0.00%
7/3/24 10:30 PM,0,0,0,0,0,0.00%
7/3/24 10:45 PM,0,0,0,0,0,0.00%
7/4/24 04:00 PM,0,0,0,0,0,0.00%
7/4/24 04:15 PM,0,0,0,0,0,0.00%
7/4/24 04:30 PM,0,0,0,0,0,0.00%
7/4/24 04:45 PM,0,1,0,0,0,0.00%
7/4/24 05:00 PM,0,0,0,0,0,0.00%
7/4/24 05:15 PM,0,0,0,0,0,0.00%
7/4/24 05:30 PM,0,0,0,0,0,0.00%
7/4/24 05:45 PM,0,0,0,0,0,0.00%
7/4/24 06:00 PM,0,0,0,0,0,0.00%
7/4/24 06:15 PM,0,0,0,0,0,0.00%
7/4/24 06:30 PM,0,0,0,0,0,0.00%
7/4/24 06:45 PM,0,0,0,0,0,0.00%
7/4/24 07:00 PM,0,0,0,0,0,0.00%
7/4/24 07:15 PM,0,0,0,0,0,0.00%
7/4/24 07:30 PM,0,0,0,0,0,0.00%
7/4/24 07:45 PM,0,0,0,0,0,0.00%
7/4/24 08:00 PM,0,0,0,0,0,0.00%
7/4/24 08:15 PM,0,0,0,0,0,0.00%
7/4/24 08:30 PM,0,0,0,0,0,0.00%
7/4/24 08:45 PM,0,0,0,0,0,0.00%
7/4/24 09:00 PM,0,0,0,0,0,0.00%
7/4/24 09:15 PM,0,0,0,0,0,0.00%
7/4/24 09:30 PM,0,0,0,0,0,0.00%
7/4/24 09:45 PM,0,0,0,0,0,0.00%
7/4/24 10:00 PM,0,0,0,0,0,0.00%
7/4/24 10:15 PM,0,0,0,0,0,0.00%
7/4/24 10:30 PM,0,0,0,0,0,0.00%
7/4/24 10:45 PM,0,0,0,0,0,0.00%
7/5/24 04:00 PM,0,0,0,1.25,24.75,0.00%
7/5/24 04:15 PM,0,0,0,1.49,31.11,0.00%
7/5/24 04:30 PM,0,0,0,2.25,51.75,0.00%
7/5/24 04:45 PM,0,0,0,2.25,51.75,0.00%
7/5/24 05:00 PM,223,2,111.5,2.25,51.75,23.20%
7/5/24 05:15 PM,0,0,0,2.25,51.75,0.00%
7/5/24 05:30 PM,205,2,102.5,2.25,51.75,25.20%
7/5/24 05:45 PM,419,3,139.67,2.25,51.75,12.40%
7/5/24 06:00 PM,206,2,103,2.25,51.75,25.10%
7/5/24 06:15 PM,24,1,24,2.25,51.75,215.60%
7/5/24 06:30 PM,545,3,181.67,2.23,51.14,9.40%
7/5/24 06:45 PM,564,4,141,2,45,8.00%
7/5/24 07:00 PM,626,5,125.2,1.82,40.12,6.40%
7/5/24 07:15 PM,186,1,186,1.5,31.5,16.90%
7/5/24 07:30 PM,592,4,148,1.5,31.5,5.30%
7/5/24 07:45 PM,684,2,342,1.5,31.5,4.60%
7/5/24 08:00 PM,0,0,0,1.5,31.5,0.00%
7/5/24 08:15 PM,532,3,177.33,1.5,31.5,5.90%
7/5/24 08:30 PM,165,2,82.5,1.5,31.5,19.10%
7/5/24 08:45 PM,300,2,150,1.5,31.5,10.50%
7/5/24 09:00 PM,108,1,108,1.5,31.5,29.20%
7/5/24 09:15 PM,0,0,0,1.5,31.5,0.00%
7/5/24 09:30 PM,0,0,0,1.5,31.5,0.00%
7/5/24 09:45 PM,55,1,55,1.5,31.5,57.30%
7/5/24 10:00 PM,0,0,0,1.5,31.5,0.00%
7/5/24 10:15 PM,0,0,0,1.5,31.5,0.00%
7/5/24 10:30 PM,0,0,0,1.5,31.5,0.00%
7/5/24 10:45 PM,45.75,2,22.88,1.03,19.36,42.30%
7/6/24 04:00 PM,0,0,0,1.5,30.75,0.00%
7/6/24 04:15 PM,0,0,0,1.52,31.35,0.00%
7/6/24 04:30 PM,0,0,0,1.81,39.02,0.00%
7/6/24 04:45 PM,0,0,0,1.99,43.99,0.00%
7/6/24 05:00 PM,180,2,90,1.75,37.5,20.80%
7/6/24 05:15 PM,368,2,184,1.75,37.5,10.20%
7/6/24 05:30 PM,819.1,5,163.82,1.75,37.5,4.60%
7/6/24 05:45 PM,298,2,149,1.75,37.5,12.60%
7/6/24 06:00 PM,181,2,90.5,1.75,37.5,20.70%
7/6/24 06:15 PM,722,2,361,1.75,37.5,5.20%
7/6/24 06:30 PM,594,4,148.5,1.75,37.5,6.30%
7/6/24 06:45 PM,355,2,177.5,1.75,37.5,10.60%
7/6/24 07:00 PM,358,3,119.33,1.75,37.5,10.50%
7/6/24 07:15 PM,120,1,120,1.75,37.5,31.20%
7/6/24 07:30 PM,279,2,139.5,1.75,37.5,13.40%
7/6/24 07:45 PM,0,0,0,1.75,37.5,0.00%
7/6/24 08:00 PM,0,0,0,1.75,37.5,0.00%
7/6/24 08:15 PM,0,0,0,1.75,37.5,0.00%
7/6/24 08:30 PM,0,0,0,1.75,37.5,0.00%
7/6/24 08:45 PM,186,1,186,1.57,32.63,17.50%
7/6/24 09:00 PM,46,1,46,1.5,30.75,66.80%
7/6/24 09:15 PM,128,1,128,1.5,30.75,24.00%
7/6/24 09:30 PM,0,0,0,1.5,30.75,0.00%
7/6/24 09:45 PM,0,0,0,1.5,30.75,0.00%
7/6/24 10:00 PM,0,0,0,1.5,30.75,0.00%
7/6/24 10:15 PM,0,0,0,1.42,30.75,0.00%
7/6/24 10:30 PM,0,0,0,1,24.34,0.00%
7/6/24 10:45 PM,0,0,0,0.26,5.73,0.00%
7/7/24 04:00 PM,406,2,203,2.46,63.42,15.60%
7/7/24 04:15 PM,331,4,82.75,2.74,64.5,19.50%
7/7/24 04:30 PM,179,3,59.67,2.75,64.5,36.00%
7/7/24 04:45 PM,446.9,3,148.97,2.75,64.5,14.40%
7/7/24 05:00 PM,79.2,1,79.2,2.75,64.5,81.40%
7/7/24 05:15 PM,443,3,147.67,2.75,64.5,14.60%
7/7/24 05:30 PM,446.4,5,89.28,2.75,64.5,14.40%
7/7/24 05:45 PM,0,0,0,2.75,64.5,0.00%
7/7/24 06:00 PM,776,5,155.2,2.75,64.5,8.30%
7/7/24 06:15 PM,743,4,185.75,2.75,64.5,8.70%
7/7/24 06:30 PM,428,4,107,2.75,64.5,15.10%
7/7/24 06:45 PM,359.4,3,119.8,2.75,64.5,17.90%
7/7/24 07:00 PM,595.58,5,119.12,2.75,64.5,10.80%
7/7/24 07:15 PM,121,1,121,2.75,64.5,53.30%
7/7/24 07:30 PM,409,3,136.33,2.75,64.5,15.80%
7/7/24 07:45 PM,249,2,124.5,2.75,64.5,25.90%
7/7/24 08:00 PM,319,2,159.5,2.75,64.5,20.20%
7/7/24 08:15 PM,99,1,99,2.76,64.5,65.20%
7/7/24 08:30 PM,0,0,0,2.75,64.5,0.00%
7/7/24 08:45 PM,0,0,0,2.75,64.5,0.00%
7/7/24 09:00 PM,0,0,0,2.75,64.5,0.00%
7/7/24 09:15 PM,0,0,0,2.75,64.5,0.00%
7/7/24 09:30 PM,0,0,0,2.07,46.29,0.00%
7/7/24 09:45 PM,0,0,0,0.88,21.01,0.00%
7/7/24 10:00 PM,12.5,1,12.5,0.25,5.5,44.00%
7/7/24 10:15 PM,0,0,0,0.25,5.5,0.00%
7/7/24 10:30 PM,0,0,0,0.15,3.21,0.00%
7/7/24 10:45 PM,0,0,0,0,0,0.00%
7/8/24 04:00 PM,0,0,0,0.75,17.75,0.00%
7/8/24 04:15 PM,0,0,0,0.75,17.75,0.00%
7/8/24 04:30 PM,0,0,0,0.72,16.96,0.00%
7/8/24 04:45 PM,0,0,0,0.25,6.34,0.00%
7/8/24 05:00 PM,0,0,0,0,0,0.00%
7/8/24 05:15 PM,0,0,0,0,0,0.00%
7/8/24 05:30 PM,0,0,0,0,0,0.00%
7/8/24 05:45 PM,0,0,0,0,0,0.00%
7/8/24 06:00 PM,0,0,0,0,0,0.00%
7/8/24 06:15 PM,0,0,0,0,0,0.00%
7/8/24 06:30 PM,0,0,0,0,0,0.00%
7/8/24 06:45 PM,0,0,0,0,0,0.00%
7/8/24 07:00 PM,0,1,0,0,0,0.00%
7/8/24 07:15 PM,0,0,0,0,0,0.00%
7/8/24 07:30 PM,0,0,0,0,0,0.00%
7/8/24 07:45 PM,0,0,0,0,0,0.00%
7/8/24 08:00 PM,0,0,0,0,0,0.00%
7/8/24 08:15 PM,0,0,0,0,0,0.00%
7/8/24 08:30 PM,0,0,0,0,0,0.00%
7/8/24 08:45 PM,0,0,0,0,0,0.00%
7/8/24 09:00 PM,0,0,0,0,0,0.00%
7/8/24 09:15 PM,0,0,0,0,0,0.00%
7/8/24 09:30 PM,0,0,0,0,0,0.00%
7/8/24 09:45 PM,0,0,0,0,0,0.00%
7/8/24 10:00 PM,0,0,0,0,0,0.00%
7/8/24 10:15 PM,0,0,0,0,0,0.00%
7/8/24 10:30 PM,0,0,0,0,0,0.00%
7/8/24 10:45 PM,0,0,0,0,0,0.00%
7/9/24 04:00 PM,0,0,0,1.44,31.14,0.00%
7/9/24 04:15 PM,0,0,0,1.5,31.25,0.00%
7/9/24 04:30 PM,0,0,0,1.68,36.14,0.00%
7/9/24 04:45 PM,0,0,0,1.75,38,0.00%
7/9/24 05:00 PM,0,0,0,1.75,38,0.00%
7/9/24 05:15 PM,0,0,0,1.75,38,0.00%
7/9/24 05:30 PM,0,0,0,1.75,38,0.00%
7/9/24 05:45 PM,269,1,269,1.75,38,14.10%
7/9/24 06:00 PM,346.6,3,115.53,1.5,31.5,9.10%
7/9/24 06:15 PM,202,2,101,1.5,31.5,15.60%
7/9/24 06:30 PM,439,2,219.5,1.5,31.5,7.20%
7/9/24 06:45 PM,181.1,2,90.55,1.5,31.5,17.40%
7/9/24 07:00 PM,96,1,96,1.5,31.5,32.80%
7/9/24 07:15 PM,0,0,0,1.5,31.5,0.00%
7/9/24 07:30 PM,0,0,0,1.5,31.5,0.00%
7/9/24 07:45 PM,0,0,0,1.5,31.5,0.00%
7/9/24 08:00 PM,87,1,87,1.5,31.5,36.20%
7/9/24 08:15 PM,90,1,90,1.5,31.5,35.00%
7/9/24 08:30 PM,25,1,25,1.5,31.5,126.00%
7/9/24 08:45 PM,0,0,0,1.5,31.5,0.00%
7/9/24 09:00 PM,0,0,0,1.5,31.5,0.00%
7/9/24 09:15 PM,0,0,0,1.45,30.03,0.00%
7/9/24 09:30 PM,0,0,0,1.01,22.8,0.00%
7/9/24 09:45 PM,0,0,0,0.5,11.25,0.00%
7/9/24 10:00 PM,0,0,0,0.35,7.61,0.00%
7/9/24 10:15 PM,0,0,0,0.05,1.14,0.00%
7/9/24 10:30 PM,0,0,0,0,0,0.00%
7/9/24 10:45 PM,0,0,0,0,0,0.00%
7/10/24 04:00 PM,0,0,0,1.25,29.25,0.00%
7/10/24 04:15 PM,0,0,0,1.33,31.48,0.00%
7/10/24 04:30 PM,0,0,0,1.5,36,0.00%
7/10/24 04:45 PM,0,0,0,1.5,36,0.00%
7/10/24 05:00 PM,416,2,208,1.83,40.04,9.60%
7/10/24 05:15 PM,177,3,59,2,42.75,24.20%
7/10/24 05:30 PM,245,2,122.5,2,42.75,17.40%
7/10/24 05:45 PM,179,1,179,2,42.75,23.90%
7/10/24 06:00 PM,182,2,91,2,42.75,23.50%
7/10/24 06:15 PM,302,2,151,1.89,40.42,13.40%
7/10/24 06:30 PM,118,1,118,1.75,37.5,31.80%
7/10/24 06:45 PM,744,4,186,1.75,37.5,5.00%
7/10/24 07:00 PM,179,2,89.5,1.75,37.5,20.90%
7/10/24 07:15 PM,386,3,128.67,1.75,37.5,9.70%
7/10/24 07:30 PM,472,4,118,1.75,37.5,7.90%
7/10/24 07:45 PM,123.3,1,123.3,1.75,37.5,30.40%
7/10/24 08:00 PM,50,1,50,1.75,37.5,75.00%
7/10/24 08:15 PM,0,0,0,1.75,37.5,0.00%
7/10/24 08:30 PM,0,0,0,1.75,37.5,0.00%
7/10/24 08:45 PM,0,0,0,1.75,37.5,0.00%
7/10/24 09:00 PM,19.5,1,19.5,1.63,34.23,175.50%
7/10/24 09:15 PM,0,0,0,1.5,30.75,0.00%
7/10/24 09:30 PM,0,0,0,1.5,30.75,0.00%
7/10/24 09:45 PM,0,0,0,1.5,30.75,0.00%
7/10/24 10:00 PM,0,0,0,0.99,18.56,0.00%
7/10/24 10:15 PM,0,0,0,0.26,5.4,0.00%
7/10/24 10:30 PM,0,0,0,0.04,0.86,0.00%
7/10/24 10:45 PM,0,0,0,0,0,0.00%
7/11/24 04:00 PM,0,0,0,1.5,35.75,0.00%
7/11/24 04:15 PM,0,0,0,1.53,36.45,0.00%
7/11/24 04:30 PM,0,0,0,1.85,42.5,0.00%
7/11/24 04:45 PM,0,0,0,2,42.5,0.00%
7/11/24 05:00 PM,275,3,91.67,2,42.5,15.50%
7/11/24 05:15 PM,0,0,0,2,42.5,0.00%
7/11/24 05:30 PM,790,4,197.5,2,42.5,5.40%
7/11/24 05:45 PM,124,1,124,1.78,37.89,30.60%
7/11/24 06:00 PM,372,3,124,1.75,37.25,10.00%
7/11/24 06:15 PM,258.2,2,129.1,1.99,43.75,16.90%
7/11/24 06:30 PM,168,2,84,2,44,26.20%
7/11/24 06:45 PM,688,6,114.67,2,44,6.40%
7/11/24 07:00 PM,61,1,61,2,44,72.10%
7/11/24 07:15 PM,1007,6,167.83,2,44,4.40%
7/11/24 07:30 PM,148,2,74,2,44,29.70%
7/11/24 07:45 PM,425,3,141.67,1.91,41.49,9.80%
7/11/24 08:00 PM,110,1,110,1.75,37.25,33.90%
7/11/24 08:15 PM,208,2,104,1.75,37.25,17.90%
7/11/24 08:30 PM,119,3,39.67,1.75,37.25,31.30%
7/11/24 08:45 PM,0,0,0,1.75,37.25,0.00%
7/11/24 09:00 PM,0,0,0,1.75,37.39,0.00%
7/11/24 09:15 PM,0,0,0,1.75,39.88,0.00%
7/11/24 09:30 PM,0,0,0,1.75,39.88,0.00%
7/11/24 09:45 PM,20,1,20,1.58,35.72,178.60%
7/11/24 10:00 PM,0,0,0,0.66,18.22,0.00%
7/11/24 10:15 PM,0,0,0,0.25,7.88,0.00%
7/11/24 10:30 PM,0,0,0,0.17,5.25,0.00%
7/11/24 10:45 PM,0,0,0,0,0,0.00%
7/12/24 04:00 PM,0,0,0,1.5,31.5,0.00%
7/12/24 04:15 PM,0,0,0,1.69,36.73,0.00%
7/12/24 04:30 PM,0,0,0,2,45,0.00%
7/12/24 04:45 PM,0,0,0,2,45,0.00%
7/12/24 05:00 PM,541,3,180.33,2,45,8.30%
7/12/24 05:15 PM,274,2,137,2,45,16.40%
7/12/24 05:30 PM,389,3,129.67,2,45,11.60%
7/12/24 05:45 PM,404.3,5,80.86,2,45,11.10%
7/12/24 06:00 PM,402,3,134,2,45,11.20%
7/12/24 06:15 PM,111,2,55.5,2,45,40.50%
7/12/24 06:30 PM,285.8,3,95.27,2,45,15.70%
7/12/24 06:45 PM,494,3,164.67,2,45,9.10%
7/12/24 07:00 PM,721.5,5,144.3,2,45,6.20%
7/12/24 07:15 PM,256,2,128,2,45,17.60%
7/12/24 07:30 PM,539,3,179.67,2,45,8.30%
7/12/24 07:45 PM,690,5,138,2,45,6.50%
7/12/24 08:00 PM,0,0,0,1.99,44.78,0.00%
7/12/24 08:15 PM,0,0,0,1.75,38.25,0.00%
7/12/24 08:30 PM,0,0,0,1.75,38.25,0.00%
7/12/24 08:45 PM,382,2,191,1.75,38.25,10.00%
7/12/24 09:00 PM,0,1,0,1.75,38.25,0.00%
7/12/24 09:15 PM,96,1,96,1.75,38.25,39.80%
7/12/24 09:30 PM,0,0,0,1.75,38.25,0.00%
7/12/24 09:45 PM,0,0,0,1.75,38.25,0.00%
7/12/24 10:00 PM,0,0,0,1.75,38.25,0.00%
7/12/24 10:15 PM,0,0,0,1.51,32.48,0.00%
7/12/24 10:30 PM,0,0,0,1.41,31.66,0.00%
7/12/24 10:45 PM,0,0,0,0.6,14.59,0.00%
7/13/24 04:00 PM,0,0,0,1.5,37.75,0.00%
7/13/24 04:15 PM,0,0,0,1.53,38.46,0.00%
7/13/24 04:30 PM,0,0,0,1.95,50.02,0.00%
7/13/24 04:45 PM,0,0,0,2,51.25,0.00%
7/13/24 05:00 PM,0,0,0,2,51.25,0.00%
7/13/24 05:15 PM,421,5,84.2,2.08,51.25,12.20%
7/13/24 05:30 PM,729.9,5,145.98,2.25,51.25,7.00%
7/13/24 05:45 PM,823,4,205.75,2.25,51.25,6.20%
7/13/24 06:00 PM,733,6,122.17,2.25,51.25,7.00%
7/13/24 06:15 PM,60,1,60,2.25,51.25,85.40%
7/13/24 06:30 PM,731,5,146.2,2.25,51.25,7.00%
7/13/24 06:45 PM,176,1,176,2.25,51.25,29.10%
7/13/24 07:00 PM,122,1,122,2.25,51.25,42.00%
7/13/24 07:15 PM,611,5,122.2,2.25,51.25,8.40%
7/13/24 07:30 PM,271,2,135.5,2.25,51.25,18.90%
7/13/24 07:45 PM,733,5,146.6,2.25,51.25,7.00%
7/13/24 08:00 PM,0,0,0,2.25,51.25,0.00%
7/13/24 08:15 PM,542,3,180.67,2.25,51.25,9.50%
7/13/24 08:30 PM,0,0,0,2.25,51.25,0.00%
7/13/24 08:45 PM,0,0,0,2.25,51.25,0.00%
7/13/24 09:00 PM,79,1,79,2.25,51.25,64.90%
7/13/24 09:15 PM,0,0,0,2.25,51.25,0.00%
7/13/24 09:30 PM,0,0,0,2.25,51.25,0.00%
7/13/24 09:45 PM,0,0,0,2.23,51.25,0.00%
7/13/24 10:00 PM,0,0,0,1.91,48.47,0.00%
7/13/24 10:15 PM,0,0,0,1.34,33.34,0.00%
7/13/24 10:30 PM,0,0,0,0.97,23.47,0.00%
7/13/24 10:45 PM,0,0,0,0.75,17.5,0.00%
7/14/24 04:00 PM,564,3,188,2.5,61.5,10.90%
7/14/24 04:15 PM,0,0,0,2.5,61.5,0.00%
7/14/24 04:30 PM,721,3,240.33,2.5,61.5,8.50%
7/14/24 04:45 PM,484,3,161.33,2.5,61.5,12.70%
7/14/24 05:00 PM,545.3,6,90.88,2.5,61.78,11.30%
7/14/24 05:15 PM,329,4,82.25,2.5,64.75,19.70%
7/14/24 05:30 PM,517,3,172.33,2.5,64.75,12.50%
7/14/24 05:45 PM,217,2,108.5,2.5,64.75,29.80%
7/14/24 06:00 PM,716,5,143.2,2.5,64.75,9.00%
7/14/24 06:15 PM,201,2,100.5,2.5,64.75,32.20%
7/14/24 06:30 PM,836,6,139.33,2.5,64.75,7.70%
7/14/24 06:45 PM,414,2,207,2.49,64.47,15.60%
7/14/24 07:00 PM,653,5,130.6,2.25,58,8.90%
7/14/24 07:15 PM,216,2,108,2.25,58,26.90%
7/14/24 07:30 PM,392,3,130.67,2.25,58,14.80%
7/14/24 07:45 PM,344,3,114.67,2.25,58,16.90%
7/14/24 08:00 PM,706,2,353,2.25,58,8.20%
7/14/24 08:15 PM,434,3,144.67,2.25,58,13.40%
7/14/24 08:30 PM,501,3,167,2.25,58,11.60%
7/14/24 08:45 PM,185,1,185,2.25,58,31.40%
7/14/24 09:00 PM,0,0,0,2.25,58,0.00%
7/14/24 09:15 PM,0,0,0,2.25,58,0.00%
7/14/24 09:30 PM,0,0,0,2.25,58,0.00%
7/14/24 09:45 PM,0,0,0,2.25,58,0.00%
7/14/24 10:00 PM,0,0,0,2.25,58,0.00%
7/14/24 10:15 PM,0,0,0,2.02,50.45,0.00%
7/14/24 10:30 PM,0,0,0,1.31,30.21,0.00%
7/14/24 10:45 PM,0,0,0,0.38,9.11,0.00%
7/15/24 04:00 PM,0,0,0,0.75,17.75,0.00%
7/15/24 04:15 PM,0,0,0,0.75,17.75,0.00%
7/15/24 04:30 PM,0,0,0,0.22,5.08,0.00%
7/15/24 04:45 PM,0,0,0,0,0,0.00%
7/15/24 05:00 PM,0,0,0,0,0,0.00%
7/15/24 05:15 PM,0,0,0,0,0,0.00%
7/15/24 05:30 PM,0,0,0,0,0,0.00%
7/15/24 05:45 PM,0,0,0,0,0,0.00%
7/15/24 06:00 PM,0,0,0,0,0,0.00%
7/15/24 06:15 PM,0,0,0,0,0,0.00%
7/15/24 06:30 PM,0,0,0,0,0,0.00%
7/15/24 06:45 PM,0,0,0,0,0,0.00%
7/15/24 07:00 PM,0,0,0,0,0,0.00%
7/15/24 07:15 PM,0,0,0,0,0,0.00%
7/15/24 07:30 PM,0,0,0,0,0,0.00%
7/15/24 07:45 PM,0,0,0,0,0,0.00%
7/15/24 08:00 PM,0,0,0,0,0,0.00%
7/15/24 08:15 PM,0,0,0,0,0,0.00%
7/15/24 08:30 PM,0,0,0,0,0,0.00%
7/15/24 08:45 PM,0,0,0,0,0,0.00%
7/15/24 09:00 PM,0,0,0,0,0,0.00%
7/15/24 09:15 PM,0,0,0,0,0,0.00%
7/15/24 09:30 PM,0,0,0,0,0,0.00%
7/15/24 09:45 PM,0,0,0,0,0,0.00%
7/15/24 10:00 PM,0,0,0,0,0,0.00%
7/15/24 10:15 PM,0,0,0,0,0,0.00%
7/15/24 10:30 PM,0,0,0,0,0,0.00%
7/15/24 10:45 PM,0,0,0,0,0,0.00%
7/16/24 04:00 PM,0,0,0,1.97,50.06,0.00%
7/16/24 04:15 PM,0,0,0,2,50.75,0.00%
7/16/24 04:30 PM,0,0,0,2,50.75,0.00%
7/16/24 04:45 PM,0,1,0,2,50.75,0.00%
7/16/24 05:00 PM,250,2,125,2,50.75,20.30%
7/16/24 05:15 PM,71,1,71,2,50.75,71.50%
7/16/24 05:30 PM,0,0,0,2,50.75,0.00%
7/16/24 05:45 PM,0,0,0,2,50.75,0.00%
7/16/24 06:00 PM,227.2,3,75.73,2.05,48.34,21.30%
7/16/24 06:15 PM,599.65,2,299.82,2,44.75,7.50%
7/16/24 06:30 PM,267,1,267,2,44.75,16.80%
7/16/24 06:45 PM,4.5,2,2.25,2,44.75,994.40%
7/16/24 07:00 PM,622,4,155.5,2,44.75,7.20%
7/16/24 07:15 PM,1215,6,202.5,2,44.75,3.70%
7/16/24 07:30 PM,153,1,153,2,44.75,29.20%
7/16/24 07:45 PM,186,1,186,2,44.75,24.10%
7/16/24 08:00 PM,50,1,50,2,44.75,89.50%
7/16/24 08:15 PM,0,0,0,2,44.75,0.00%
7/16/24 08:30 PM,167,2,83.5,2,44.75,26.80%
7/16/24 08:45 PM,0,0,0,2,44.75,0.00%
7/16/24 09:00 PM,0,0,0,2,44.75,0.00%
7/16/24 09:15 PM,0,0,0,2,44.75,0.00%
7/16/24 09:30 PM,0,0,0,1.95,44.75,0.00%
7/16/24 09:45 PM,0,0,0,1.72,44.07,0.00%
7/16/24 10:00 PM,0,0,0,1.24,30.85,0.00%
7/16/24 10:15 PM,0,0,0,0.65,15.02,0.00%
7/16/24 10:30 PM,0,0,0,0.06,1.39,0.00%
7/16/24 10:45 PM,0,0,0,0,0,0.00%
7/17/24 04:00 PM,0,0,0,1.75,43.25,0.00%
7/17/24 04:15 PM,0,0,0,1.76,43.64,0.00%
7/17/24 04:30 PM,0,0,0,2.25,56.75,0.00%
7/17/24 04:45 PM,0,0,0,2.29,56.75,0.00%
7/17/24 05:00 PM,85,1,85,2.5,56.75,66.80%
7/17/24 05:15 PM,0,0,0,2.5,56.75,0.00%
7/17/24 05:30 PM,322,3,107.33,2.5,56.75,17.60%
7/17/24 05:45 PM,0,0,0,2.5,56.75,0.00%
7/17/24 06:00 PM,633,3,211,2.46,55.82,8.80%
7/17/24 06:15 PM,96,1,96,2.25,51.5,53.60%
7/17/24 06:30 PM,170,1,170,2.25,51.5,30.30%
7/17/24 06:45 PM,541.6,4,135.4,2.25,51.5,9.50%
7/17/24 07:00 PM,1194.1,7,170.59,2.25,51.5,4.30%
7/17/24 07:15 PM,411,2,205.5,2.25,51.5,12.50%
7/17/24 07:30 PM,498,4,124.5,2.25,51.5,10.30%
7/17/24 07:45 PM,0,0,0,2.25,51.5,0.00%
7/17/24 08:00 PM,362,1,362,2.25,51.5,14.20%
7/17/24 08:15 PM,136.5,2,68.25,2.25,51.5,37.70%
7/17/24 08:30 PM,0,2,0,2.25,51.5,0.00%
7/17/24 08:45 PM,47,1,47,2.25,51.5,109.60%
7/17/24 09:00 PM,0,0,0,2.25,51.5,0.00%
7/17/24 09:15 PM,0,0,0,2.25,51.5,0.00%
7/17/24 09:30 PM,0,0,0,1.76,38.22,0.00%
7/17/24 09:45 PM,0,1,0,1.38,34.73,0.00%
7/17/24 10:00 PM,0,0,0,1.07,26.52,0.00%
7/17/24 10:15 PM,0,0,0,0.47,11.23,0.00%
7/17/24 10:30 PM,0,0,0,0.25,5.25,0.00%
7/17/24 10:45 PM,0,0,0,0.05,1.1,0.00%
7/18/24 04:00 PM,0,0,0,1.75,43,0.00%
7/18/24 04:15 PM,0,0,0,1.85,45.64,0.00%
7/18/24 04:30 PM,0,0,0,2.24,56.32,0.00%
7/18/24 04:45 PM,0,0,0,2.33,58.56,0.00%
7/18/24 05:00 PM,350,3,116.67,2.68,63.25,18.10%
7/18/24 05:15 PM,445,2,222.5,2.75,63.25,14.20%
7/18/24 05:30 PM,103,1,103,2.66,61.31,59.50%
7/18/24 05:45 PM,309,5,61.8,2.5,58,18.80%
7/18/24 06:00 PM,489,5,97.8,2.5,58,11.90%
7/18/24 06:15 PM,592,4,148,2.5,58,9.80%
7/18/24 06:30 PM,456,3,152,2.5,58,12.70%
7/18/24 06:45 PM,384,2,192,2.5,58,15.10%
7/18/24 07:00 PM,729,5,145.8,2.5,58,8.00%
7/18/24 07:15 PM,319,2,159.5,2.5,58,18.20%
7/18/24 07:30 PM,439.75,3,146.58,2.5,58,13.20%
7/18/24 07:45 PM,366,2,183,2.5,58,15.80%
7/18/24 08:00 PM,110,1,110,2.5,58,52.70%
7/18/24 08:15 PM,356,2,178,2.5,58,16.30%
7/18/24 08:30 PM,0,0,0,2.5,58.14,0.00%
7/18/24 08:45 PM,0,0,0,2.5,60.62,0.00%
7/18/24 09:00 PM,0,0,0,2.5,60.62,0.00%
7/18/24 09:15 PM,0,0,0,2.5,60.62,0.00%
7/18/24 09:30 PM,0,0,0,1.88,43.8,0.00%
7/18/24 09:45 PM,30,1,30,1.14,24.99,83.30%
7/18/24 10:00 PM,0,0,0,0.77,16.32,0.00%
7/18/24 10:15 PM,0,0,0,0.28,8.56,0.00%
7/18/24 10:30 PM,0,0,0,0.25,7.87,0.00%
7/18/24 10:45 PM,0,0,0,0.01,0.39,0.00%
7/19/24 04:00 PM,0,0,0,1.5,32.25,0.00%
7/19/24 04:15 PM,0,0,0,1.66,36.47,0.00%
7/19/24 04:30 PM,0,0,0,2.7,64.76,0.00%
7/19/24 04:45 PM,0,0,0,2.75,66,0.00%
7/19/24 05:00 PM,96,1,96,2.75,66,68.80%
7/19/24 05:15 PM,311,3,103.67,2.75,66,21.20%
7/19/24 05:30 PM,576,4,144,2.75,66,11.50%
7/19/24 05:45 PM,314,3,104.67,2.75,66,21.00%
7/19/24 06:00 PM,450,3,150,2.75,66,14.70%
7/19/24 06:15 PM,465,4,116.25,2.75,66,14.20%
7/19/24 06:30 PM,201,2,100.5,2.75,66,32.80%
7/19/24 06:45 PM,579,4,144.75,2.75,66,11.40%
7/19/24 07:00 PM,562,6,93.67,2.75,66,11.70%
7/19/24 07:15 PM,754,4,188.5,2.75,66,8.80%
7/19/24 07:30 PM,93,1,93,2.75,66,71.00%
7/19/24 07:45 PM,669,6,111.5,2.75,66,9.90%
7/19/24 08:00 PM,664.4,4,166.1,2.56,60.89,9.20%
7/19/24 08:15 PM,251,2,125.5,2.5,59.25,23.60%
7/19/24 08:30 PM,105,1,105,2.5,59.25,56.40%
7/19/24 08:45 PM,0,0,0,2.5,59.25,0.00%
7/19/24 09:00 PM,0,1,0,2.5,59.25,0.00%
7/19/24 09:15 PM,310,1,310,2.5,59.25,19.10%
7/19/24 09:30 PM,0,0,0,2.5,59.25,0.00%
7/19/24 09:45 PM,0,0,0,2.5,59.25,0.00%
7/19/24 10:00 PM,0,0,0,2.49,59.03,0.00%
7/19/24 10:15 PM,5.5,1,5.5,2.04,47.2,858.20%
7/19/24 10:30 PM,0,0,0,0.67,16.75,0.00%
7/19/24 10:45 PM,0,0,0,0.25,5.5,0.00%
7/20/24 04:00 PM,0,0,0,1.25,31,0.00%
7/20/24 04:15 PM,0,0,0,1.58,39.94,0.00%
7/20/24 04:30 PM,0,0,0,2.21,55.75,0.00%
7/20/24 04:45 PM,0,0,0,2.5,58,0.00%
7/20/24 05:00 PM,206,2,103,2.5,58,28.20%
7/20/24 05:15 PM,126,1,126,2.5,58,46.00%
7/20/24 05:30 PM,1078,6,179.67,2.5,58,5.40%
7/20/24 05:45 PM,550,4,137.5,2.5,58,10.50%
7/20/24 06:00 PM,883,7,126.14,2.5,58,6.60%
7/20/24 06:15 PM,191,3,63.67,2.5,58,30.40%
7/20/24 06:30 PM,147,2,73.5,2.5,58,39.50%
7/20/24 06:45 PM,311,2,155.5,2.5,58,18.60%
7/20/24 07:00 PM,274,3,91.33,2.43,56.18,20.50%
7/20/24 07:15 PM,569,4,142.25,2.25,51.25,9.00%
7/20/24 07:30 PM,329,2,164.5,2.25,51.25,15.60%
7/20/24 07:45 PM,88,1,88,2.25,51.25,58.20%
7/20/24 08:00 PM,45,1,45,2.25,51.25,113.90%
7/20/24 08:15 PM,78,1,78,2.25,51.25,65.70%
7/20/24 08:30 PM,119,1,119,2.25,51.25,43.10%
7/20/24 08:45 PM,0,0,0,2.25,51.25,0.00%
7/20/24 09:00 PM,0,0,0,2.18,49.46,0.00%
7/20/24 09:15 PM,0,0,0,1.92,42.31,0.00%
7/20/24 09:30 PM,0,0,0,1.62,37.75,0.00%
7/20/24 09:45 PM,0,0,0,1.35,33.61,0.00%
7/20/24 10:00 PM,0,0,0,0.75,17.49,0.00%
7/20/24 10:15 PM,0,0,0,0.25,5.5,0.00%
7/20/24 10:30 PM,0,0,0,0.25,5.5,0.00%
7/20/24 10:45 PM,0,0,0,0.25,5.5,0.00%
7/21/24 04:00 PM,261,3,87,3.5,90.75,34.80%
7/21/24 04:15 PM,89,1,89,3.5,90.75,102.00%
7/21/24 04:30 PM,118,1,118,3.5,90.75,76.90%
7/21/24 04:45 PM,641,4,160.25,3.5,90.75,14.20%
7/21/24 05:00 PM,707,5,141.4,3.75,90.75,12.80%
7/21/24 05:15 PM,175,2,87.5,3.75,90.75,51.90%
7/21/24 05:30 PM,391,3,130.33,3.75,90.75,23.20%
7/21/24 05:45 PM,331,3,110.33,3.75,90.75,27.40%
7/21/24 06:00 PM,456,4,114,3.75,90.75,19.90%
7/21/24 06:15 PM,367,4,91.75,3.75,90.75,24.70%
7/21/24 06:30 PM,609,4,152.25,3.75,90.75,14.90%
7/21/24 06:45 PM,543,3,181,3.75,90.75,16.70%
7/21/24 07:00 PM,655,4,163.75,3.75,90.75,13.90%
7/21/24 07:15 PM,414,2,207,3.75,90.75,21.90%
7/21/24 07:30 PM,797,4,199.25,3.75,90.75,11.40%
7/21/24 07:45 PM,583,4,145.75,3.75,90.75,15.60%
7/21/24 08:00 PM,283,3,94.33,3.75,90.75,32.10%
7/21/24 08:15 PM,517.6,5,103.52,3.75,90.75,17.50%
7/21/24 08:30 PM,222,1,222,3.75,90.75,40.90%
7/21/24 08:45 PM,0,0,0,3.75,90.75,0.00%
7/21/24 09:00 PM,0,0,0,3.71,89.74,0.00%
7/21/24 09:15 PM,0,0,0,3.5,84,0.00%
7/21/24 09:30 PM,0,0,0,3.5,84,0.00%
7/21/24 09:45 PM,0,0,0,3.41,81.6,0.00%
7/21/24 10:00 PM,0,0,0,2.49,59.67,0.00%
7/21/24 10:15 PM,0,0,0,1.74,45.19,0.00%
7/21/24 10:30 PM,0,0,0,0.37,8.66,0.00%
7/21/24 10:45 PM,0,0,0,0.25,5.5,0.00%
7/22/24 04:00 PM,0,0,0,0.75,17.75,0.00%
7/22/24 04:15 PM,0,0,0,0.75,17.75,0.00%
7/22/24 04:30 PM,0,0,0,0.75,17.75,0.00%
7/22/24 04:45 PM,0,0,0,0.73,17.37,0.00%
7/22/24 05:00 PM,0,0,0,0.12,2.42,0.00%
7/22/24 05:15 PM,0,0,0,0,0,0.00%
7/22/24 05:30 PM,0,0,0,0,0,0.00%
7/22/24 05:45 PM,0,0,0,0,0,0.00%
7/22/24 06:00 PM,0,0,0,0,0,0.00%
7/22/24 06:15 PM,0,0,0,0,0,0.00%
7/22/24 06:30 PM,0,0,0,0,0,0.00%
7/22/24 06:45 PM,0,0,0,0,0,0.00%
7/22/24 07:00 PM,0,0,0,0,0,0.00%
7/22/24 07:15 PM,0,0,0,0,0,0.00%
7/22/24 07:30 PM,0,0,0,0,0,0.00%
7/22/24 07:45 PM,0,0,0,0,0,0.00%
7/22/24 08:00 PM,0,0,0,0,0,0.00%
7/22/24 08:15 PM,0,0,0,0,0,0.00%
7/22/24 08:30 PM,0,0,0,0,0,0.00%
7/22/24 08:45 PM,0,0,0,0,0,0.00%
7/22/24 09:00 PM,0,0,0,0,0,0.00%
7/22/24 09:15 PM,0,0,0,0,0,0.00%
7/22/24 09:30 PM,0,0,0,0,0,0.00%
7/22/24 09:45 PM,0,0,0,0,0,0.00%
7/22/24 10:00 PM,0,0,0,0,0,0.00%
7/22/24 10:15 PM,0,0,0,0,0,0.00%
7/22/24 10:30 PM,0,0,0,0,0,0.00%
7/22/24 10:45 PM,0,0,0,0,0,0.00%
7/23/24 04:00 PM,0,0,0,1.5,38,0.00%
7/23/24 04:15 PM,0,0,0,1.5,38,0.00%
7/23/24 04:30 PM,0,0,0,1.5,38,0.00%
7/23/24 04:45 PM,0,0,0,1.6,40.74,0.00%
7/23/24 05:00 PM,208,2,104,1.78,45.56,21.90%
7/23/24 05:15 PM,905,4,226.25,2,51.5,5.70%
7/23/24 05:30 PM,0,0,0,2,51.5,0.00%
7/23/24 05:45 PM,351,2,175.5,2,51.5,14.70%
7/23/24 06:00 PM,252.4,2,126.2,2.02,51.5,20.40%
7/23/24 06:15 PM,172.5,2,86.25,2.25,51.5,29.90%
7/23/24 06:30 PM,216,2,108,2.17,49.34,22.80%
7/23/24 06:45 PM,173,1,173,2,44.75,25.90%
7/23/24 07:00 PM,669.5,3,223.17,2,44.75,6.70%
7/23/24 07:15 PM,144,1,144,2,44.75,31.10%
7/23/24 07:30 PM,561.5,4,140.38,2,44.75,8.00%
7/23/24 07:45 PM,161,1,161,2,44.75,27.80%
7/23/24 08:00 PM,0,0,0,2,44.75,0.00%
7/23/24 08:15 PM,127,1,127,2,44.75,35.20%
7/23/24 08:30 PM,0,0,0,2,44.75,0.00%
7/23/24 08:45 PM,0,0,0,2,44.75,0.00%
7/23/24 09:00 PM,0,0,0,2,44.75,0.00%
7/23/24 09:15 PM,0,0,0,2,44.75,0.00%
7/23/24 09:30 PM,0,0,0,1.85,40.64,0.00%
7/23/24 09:45 PM,0,1,0,1.47,34.2,0.00%
7/23/24 10:00 PM,0,0,0,0.66,16.2,0.00%
7/23/24 10:15 PM,0,0,0,0.25,5.25,0.00%
7/23/24 10:30 PM,0,0,0,0.03,0.61,0.00%
7/23/24 10:45 PM,0,0,0,0,0,0.00%
7/24/24 04:00 PM,0,0,0,1.7,41.27,0.00%
7/24/24 04:15 PM,0,0,0,1.75,42.75,0.00%
7/24/24 04:30 PM,0,0,0,1.85,45.36,0.00%
7/24/24 04:45 PM,0,0,0,2,49.5,0.00%
7/24/24 05:00 PM,0,0,0,2,49.5,0.00%
7/24/24 05:15 PM,210,2,105,2,49.5,23.60%
7/24/24 05:30 PM,98,1,98,1.94,48.33,49.30%
7/24/24 05:45 PM,108,1,108,1.75,44.25,41.00%
7/24/24 06:00 PM,705,7,100.71,1.75,44.25,6.30%
7/24/24 06:15 PM,0,0,0,1.75,44.25,0.00%
7/24/24 06:30 PM,110,1,110,1.75,44.25,40.20%
7/24/24 06:45 PM,393,3,131,1.75,44.25,11.30%
7/24/24 07:00 PM,0,0,0,1.75,44.25,0.00%
7/24/24 07:15 PM,1127,2,563.5,1.75,44.25,3.90%
7/24/24 07:30 PM,319,2,159.5,1.75,44.25,13.90%
7/24/24 07:45 PM,157,2,78.5,1.82,44.25,28.20%
7/24/24 08:00 PM,314,2,157,2,44.25,14.10%
7/24/24 08:15 PM,66,1,66,2,44.25,67.00%
7/24/24 08:30 PM,0,1,0,1.77,38.08,0.00%
7/24/24 08:45 PM,79,1,79,1.75,37.5,47.50%
7/24/24 09:00 PM,0,0,0,1.75,37.5,0.00%
7/24/24 09:15 PM,0,0,0,1.75,37.5,0.00%
7/24/24 09:30 PM,28,1,28,1.75,37.5,133.90%
7/24/24 09:45 PM,0,0,0,1.51,31.14,0.00%
7/24/24 10:00 PM,0,0,0,1.49,30.62,0.00%
7/24/24 10:15 PM,0,0,0,0.88,19.5,0.00%
7/24/24 10:30 PM,0,0,0,0.66,16.96,0.00%
7/24/24 10:45 PM,0,0,0,0.33,8.97,0.00%
7/25/24 04:00 PM,0,0,0,1.5,35.75,0.00%
7/25/24 04:15 PM,0,0,0,1.64,39.48,0.00%
7/25/24 04:30 PM,0,0,0,1.99,49.02,0.00%
7/25/24 04:45 PM,0,0,0,2.22,55.06,0.00%
7/25/24 05:00 PM,0,1,0,2.39,56,0.00%
7/25/24 05:15 PM,0,0,0,2.5,56,0.00%
7/25/24 05:30 PM,422.2,3,140.73,2.5,55.91,13.20%
7/25/24 05:45 PM,342,2,171,2.25,50.75,14.80%
7/25/24 06:00 PM,859.4,6,143.23,2.25,50.75,5.90%
7/25/24 06:15 PM,230,2,115,2.25,50.75,22.10%
7/25/24 06:30 PM,418,3,139.33,2.25,50.75,12.10%
7/25/24 06:45 PM,221,2,110.5,2.25,50.75,23.00%
7/25/24 07:00 PM,19.6,1,19.6,2.25,50.75,258.90%
7/25/24 07:15 PM,64,1,64,2.25,50.75,79.30%
7/25/24 07:30 PM,456,3,152,2.25,50.75,11.10%
7/25/24 07:45 PM,505,3,168.33,2.25,50.75,10.00%
7/25/24 08:00 PM,14.4,1,14.4,2.25,50.75,352.40%
7/25/24 08:15 PM,0,0,0,2.25,50.75,0.00%
7/25/24 08:30 PM,0,0,0,2.25,52.81,0.00%
7/25/24 08:45 PM,0,0,0,2.25,53.38,0.00%
7/25/24 09:00 PM,0,0,0,2.25,53.38,0.00%
7/25/24 09:15 PM,0,0,0,2.25,53.38,0.00%
7/25/24 09:30 PM,0,0,0,2.25,53.38,0.00%
7/25/24 09:45 PM,0,0,0,2.01,47.55,0.00%
7/25/24 10:00 PM,0,0,0,0.87,23.09,0.00%
7/25/24 10:15 PM,0,0,0,0.25,7.88,0.00%
7/25/24 10:30 PM,0,0,0,0.2,6.38,0.00%
7/25/24 10:45 PM,0,0,0,0,0,0.00%
7/26/24 04:00 PM,0,0,0,1.75,44,0.00%
7/26/24 04:15 PM,0,0,0,1.84,46.54,0.00%
7/26/24 04:30 PM,0,0,0,2.55,65.68,0.00%
7/26/24 04:45 PM,0,0,0,2.74,70.73,0.00%
7/26/24 05:00 PM,476.99,3,159,2.71,70.54,14.80%
7/26/24 05:15 PM,607,6,101.17,2.82,71.75,11.80%
7/26/24 05:30 PM,550,2,275,3,71.75,13.00%
7/26/24 05:45 PM,855,5,171,3,71.75,8.40%
7/26/24 06:00 PM,483.5,3,161.17,3,71.75,14.80%
7/26/24 06:15 PM,411,3,137,3,71.75,17.50%
7/26/24 06:30 PM,624,3,208,3,71.75,11.50%
7/26/24 06:45 PM,641,3,213.67,3,71.75,11.20%
7/26/24 07:00 PM,159,1,159,3,71.75,45.10%
7/26/24 07:15 PM,910,5,182,3,71.75,7.90%
7/26/24 07:30 PM,634,5,126.8,3,71.75,11.30%
7/26/24 07:45 PM,256,2,128,3,71.75,28.00%
7/26/24 08:00 PM,535.9,4,133.98,3,71.75,13.40%
7/26/24 08:15 PM,0,0,0,3,71.75,0.00%
7/26/24 08:30 PM,316,2,158,3,71.75,22.70%
7/26/24 08:45 PM,130,1,130,3,71.75,55.20%
7/26/24 09:00 PM,128,1,128,2.94,70.1,54.80%
7/26/24 09:15 PM,15.5,1,15.5,2.75,65,419.40%
7/26/24 09:30 PM,0,0,0,2.56,59.84,0.00%
7/26/24 09:45 PM,0,0,0,2.3,52.84,0.00%
7/26/24 10:00 PM,0,0,0,2.25,51.5,0.00%
7/26/24 10:15 PM,0,0,0,1.63,38.99,0.00%
7/26/24 10:30 PM,0,0,0,0.82,20.88,0.00%
7/26/24 10:45 PM,0,0,0,0.33,7.75,0.00%
7/27/24 04:00 PM,0,0,0,1.75,44,0.00%
7/27/24 04:15 PM,0,0,0,1.91,48.46,0.00%
7/27/24 04:30 PM,0,0,0,2.5,64.5,0.00%
7/27/24 04:45 PM,0,0,0,2.62,67.81,0.00%
7/27/24 05:00 PM,451,2,225.5,2.75,71.25,15.80%
7/27/24 05:15 PM,0,0,0,2.75,71.25,0.00%
7/27/24 05:30 PM,493,5,98.6,2.75,71.25,14.50%
7/27/24 05:45 PM,541,3,180.33,2.75,71.25,13.20%
7/27/24 06:00 PM,91,2,45.5,2.75,71.25,78.30%
7/27/24 06:15 PM,62,1,62,2.75,71.25,114.90%
7/27/24 06:30 PM,347,2,173.5,2.75,71.25,20.50%
7/27/24 06:45 PM,481,4,120.25,2.75,71.25,14.80%
7/27/24 07:00 PM,1056,5,211.2,2.75,71.25,6.70%
7/27/24 07:15 PM,266,1,266,2.89,71.25,26.80%
7/27/24 07:30 PM,158,1,158,3,71.25,45.10%
7/27/24 07:45 PM,626,5,125.2,2.92,69.05,11.00%
7/27/24 08:00 PM,375,2,187.5,2.75,64.5,17.20%
7/27/24 08:15 PM,0,0,0,2.75,64.5,0.00%
7/27/24 08:30 PM,379,2,189.5,2.75,64.5,17.00%
7/27/24 08:45 PM,86,2,43,2.75,64.5,75.00%
7/27/24 09:00 PM,53,2,26.5,2.75,64.5,121.70%
7/27/24 09:15 PM,0,1,0,2.75,64.5,0.00%
7/27/24 09:30 PM,0,0,0,2.75,64.78,0.00%
7/27/24 09:45 PM,0,0,0,2.75,67.75,0.00%
7/27/24 10:00 PM,0,0,0,2.59,63.54,0.00%
7/27/24 10:15 PM,0,0,0,2.38,57.98,0.00%
7/27/24 10:30 PM,0,0,0,1.43,30.83,0.00%
7/27/24 10:45 PM,0,0,0,0.55,6.73,0.00%
7/28/24 04:00 PM,234,2,117,3.25,80.25,34.30%
7/28/24 04:15 PM,400,4,100,3.25,80.25,20.10%
7/28/24 04:30 PM,0,0,0,3.25,80.25,0.00%
7/28/24 04:45 PM,38,1,38,3.25,80.25,211.20%
7/28/24 05:00 PM,482,4,120.5,3.25,80.25,16.60%
7/28/24 05:15 PM,601,6,100.17,3.25,80.25,13.40%
7/28/24 05:30 PM,756,6,126,3.25,80.25,10.60%
7/28/24 05:45 PM,106,1,106,3.25,80.25,75.70%
7/28/24 06:00 PM,488,4,122,3.25,80.25,16.40%
7/28/24 06:15 PM,440,4,110,3.25,80.25,18.20%
7/28/24 06:30 PM,198,1,198,3.25,80.25,40.50%
7/28/24 06:45 PM,755,6,125.83,3.25,80.25,10.60%
7/28/24 07:00 PM,957,5,191.4,3.25,80.25,8.40%
7/28/24 07:15 PM,299,2,149.5,3.25,80.25,26.80%
7/28/24 07:30 PM,377,2,188.5,3.25,80.25,21.30%
7/28/24 07:45 PM,568,6,94.67,3.25,80.25,14.10%
7/28/24 08:00 PM,180.6,2,90.3,3.25,80.25,44.40%
7/28/24 08:15 PM,161,3,53.67,3.25,80.25,49.80%
7/28/24 08:30 PM,212,1,212,3.25,80.25,37.90%
7/28/24 08:45 PM,0,0,0,3.25,80.25,0.00%
7/28/24 09:00 PM,12,1,12,3.25,80.25,668.80%
7/28/24 09:15 PM,0,0,0,3.11,76.84,0.00%
7/28/24 09:30 PM,0,0,0,2.54,61.72,0.00%
7/28/24 09:45 PM,0,0,0,2.5,60.75,0.00%
7/28/24 10:00 PM,0,0,0,2.27,54.7,0.00%
7/28/24 10:15 PM,0,0,0,1.09,28.95,0.00%
7/28/24 10:30 PM,7.5,1,7.5,0.25,5.5,73.30%
7/28/24 10:45 PM,0,0,0,0.25,5.5,0.00%
7/29/24 04:00 PM,0,0,0,0.89,21.4,0.00%
7/29/24 04:15 PM,0,0,0,0.6,14.04,0.00%
7/29/24 04:30 PM,0,0,0,0,0,0.00%
7/29/24 04:45 PM,0,0,0,0,0,0.00%
7/29/24 05:00 PM,0,0,0,0,0,0.00%
7/29/24 05:15 PM,0,0,0,0,0,0.00%
7/29/24 05:30 PM,0,0,0,0,0,0.00%
7/29/24 05:45 PM,0,0,0,0,0,0.00%
7/29/24 06:00 PM,0,0,0,0,0,0.00%
7/29/24 06:15 PM,0,0,0,0,0,0.00%
7/29/24 06:30 PM,0,0,0,0,0,0.00%
7/29/24 06:45 PM,0,0,0,0,0,0.00%
7/29/24 07:00 PM,0,0,0,0,0,0.00%
7/29/24 07:15 PM,0,0,0,0,0,0.00%
7/29/24 07:30 PM,0,0,0,0,0,0.00%
7/29/24 07:45 PM,0,0,0,0,0,0.00%
7/29/24 08:00 PM,0,1,0,0,0,0.00%
7/29/24 08:15 PM,0,0,0,0,0,0.00%
7/29/24 08:30 PM,0,0,0,0,0,0.00%
7/29/24 08:45 PM,0,0,0,0,0,0.00%
7/29/24 09:00 PM,0,0,0,0,0,0.00%
7/29/24 09:15 PM,0,0,0,0,0,0.00%
7/29/24 09:30 PM,0,1,0,0,0,0.00%
7/29/24 09:45 PM,0,0,0,0,0,0.00%
7/29/24 10:00 PM,0,0,0,0,0,0.00%
7/29/24 10:15 PM,0,0,0,0,0,0.00%
7/29/24 10:30 PM,0,0,0,0,0,0.00%
7/29/24 10:45 PM,0,0,0,0,0,0.00%
7/30/24 04:00 PM,0,0,0,1.25,30.75,0.00%
7/30/24 04:15 PM,0,0,0,1.25,30.82,0.00%
7/30/24 04:30 PM,0,0,0,1.69,42.76,0.00%
7/30/24 04:45 PM,107,1,107,1.77,44.81,41.90%
7/30/24 05:00 PM,250,2,125,2.16,55.21,22.10%
7/30/24 05:15 PM,547,3,182.33,2.25,57.75,10.60%
7/30/24 05:30 PM,115,1,115,2.25,57.75,50.20%
7/30/24 05:45 PM,172,2,86,2.25,57.75,33.60%
7/30/24 06:00 PM,42,1,42,2.25,57.75,137.50%
7/30/24 06:15 PM,533,3,177.67,2.25,57.75,10.80%
7/30/24 06:30 PM,461,4,115.25,2.25,57.75,12.50%
7/30/24 06:45 PM,330,2,165,2.25,57.75,17.50%
7/30/24 07:00 PM,831,5,166.2,2.46,57.75,6.90%
7/30/24 07:15 PM,414,3,138,2.5,57.75,13.90%
7/30/24 07:30 PM,220,3,73.33,2.5,57.75,26.20%
7/30/24 07:45 PM,109,1,109,2.5,57.75,53.00%
7/30/24 08:00 PM,256,2,128,2.5,57.75,22.60%
7/30/24 08:15 PM,0,1,0,2.5,57.75,0.00%
7/30/24 08:30 PM,244,2,122,2.5,57.75,23.70%
7/30/24 08:45 PM,0,0,0,2.43,55.97,0.00%
7/30/24 09:00 PM,0,0,0,2.25,51,0.00%
7/30/24 09:15 PM,0,0,0,2.27,51,0.00%
7/30/24 09:30 PM,25.6,1,25.6,1.93,42.35,165.40%
7/30/24 09:45 PM,0,0,0,1.38,27.79,0.00%
7/30/24 10:00 PM,0,0,0,0.96,17.65,0.00%
7/30/24 10:15 PM,0,0,0,0.33,7.46,0.00%
7/30/24 10:30 PM,0,0,0,0.25,5.19,0.00%
7/30/24 10:45 PM,0,0,0,0,0,0.00%
7/31/24 04:00 PM,0,0,0,1.75,36,0.00%
7/31/24 04:15 PM,0,0,0,1.75,36,0.00%
7/31/24 04:30 PM,0,0,0,1.75,36,0.00%
7/31/24 04:45 PM,0,0,0,1.8,37.26,0.00%
7/31/24 05:00 PM,224,2,112,2.23,48.87,21.80%
7/31/24 05:15 PM,0,0,0,2.25,49.5,0.00%
7/31/24 05:30 PM,0,1,0,2.25,49.5,0.00%
7/31/24 05:45 PM,0,0,0,2.02,44.6,0.00%
7/31/24 06:00 PM,543,4,135.75,2,44.25,8.10%
7/31/24 06:15 PM,559.9,6,93.32,2,44.25,7.90%
7/31/24 06:30 PM,321,3,107,2,44.25,13.80%
7/31/24 06:45 PM,484,4,121,2,44.25,9.10%
7/31/24 07:00 PM,560,4,140,2,44.25,7.90%
7/31/24 07:15 PM,400,3,133.33,2,44.25,11.10%
7/31/24 07:30 PM,39,1,39,2,44.25,113.50%
7/31/24 07:45 PM,65,1,65,2,44.25,68.10%
7/31/24 08:00 PM,547,3,182.33,2,44.25,8.10%
7/31/24 08:15 PM,56,2,28,2,44.25,79.00%
7/31/24 08:30 PM,0,1,0,2,44.25,0.00%
7/31/24 08:45 PM,0,0,0,2,44.25,0.00%
7/31/24 09:00 PM,0,0,0,2,44.25,0.00%
7/31/24 09:15 PM,0,0,0,2,44.25,0.00%
7/31/24 09:30 PM,0,0,0,1.88,41.13,0.00%
7/31/24 09:45 PM,0,0,0,1.4,32.51,0.00%
7/31/24 10:00 PM,0,0,0,0.87,21.91,0.00%
7/31/24 10:15 PM,0,0,0,0.34,7.71,0.00%
7/31/24 10:30 PM,0,0,0,0.13,2.72,0.00%
7/31/24 10:45 PM,0,0,0,0,0,0.00%
8/1/24 04:00 PM,0,0,0,2,49.5,0.00%
8/1/24 04:15 PM,0,0,0,2.07,51.46,0.00%
8/1/24 04:30 PM,0,0,0,2.25,56.25,0.00%
8/1/24 04:45 PM,0,0,0,2.25,56.25,0.00%
8/1/24 05:00 PM,32,1,32,2.35,56.25,175.80%
8/1/24 05:15 PM,85,2,42.5,2.5,56.25,66.20%
8/1/24 05:30 PM,266,2,133,2.5,56.25,21.10%
8/1/24 05:45 PM,359,5,71.8,2.5,56.25,15.70%
8/1/24 06:00 PM,407,2,203.5,2.39,53.94,13.30%
8/1/24 06:15 PM,122,1,122,2.25,51,41.80%
8/1/24 06:30 PM,514,3,171.33,2.25,51,9.90%
8/1/24 06:45 PM,340,1,340,2.25,51,15.00%
8/1/24 07:00 PM,101,1,101,2.25,51,50.50%
8/1/24 07:15 PM,606,3,202,2.25,51,8.40%
8/1/24 07:30 PM,0,0,0,2.25,51,0.00%
8/1/24 07:45 PM,343,3,114.33,2.25,51,14.90%
8/1/24 08:00 PM,0,0,0,2.1,47.04,0.00%
8/1/24 08:15 PM,64,2,32,1.86,40.59,63.40%
8/1/24 08:30 PM,0,0,0,1.75,37.5,0.00%
8/1/24 08:45 PM,0,0,0,1.75,37.5,0.00%
8/1/24 09:00 PM,0,0,0,1.75,37.5,0.00%
8/1/24 09:15 PM,0,0,0,1.75,37.5,0.00%
8/1/24 09:30 PM,0,0,0,1.75,38.11,0.00%
8/1/24 09:45 PM,0,0,0,1.62,40.12,0.00%
8/1/24 10:00 PM,0,0,0,0.46,13.29,0.00%
8/1/24 10:15 PM,0,0,0,0.25,7.87,0.00%
8/1/24 10:30 PM,0,0,0,0.12,3.69,0.00%
8/1/24 10:45 PM,0,0,0,0,0,0.00%
8/2/24 04:00 PM,0,0,0,2.69,62.86,0.00%
8/2/24 04:15 PM,0,0,0,3,71.25,0.00%
8/2/24 04:30 PM,0,0,0,3.09,73.63,0.00%
8/2/24 04:45 PM,0,0,0,3.25,78,0.00%
8/2/24 05:00 PM,396,4,99,3.25,78,19.70%
8/2/24 05:15 PM,138.9,2,69.45,3.25,78,56.20%
8/2/24 05:30 PM,370,2,185,3.25,78,21.10%
8/2/24 05:45 PM,746,7,106.57,3.25,78,10.50%
8/2/24 06:00 PM,703,6,117.17,3.21,77.12,11.00%
8/2/24 06:15 PM,0,0,0,3,72,0.00%
8/2/24 06:30 PM,308,3,102.67,3,72,23.40%
8/2/24 06:45 PM,236,1,236,3,72,30.50%
8/2/24 07:00 PM,522,3,174,3,72,13.80%
8/2/24 07:15 PM,897.99,6,149.66,3,72,8.00%
8/2/24 07:30 PM,931.4,6,155.23,3,72,7.70%
8/2/24 07:45 PM,757,5,151.4,3,72,9.50%
8/2/24 08:00 PM,711.9,5,142.38,3,72,10.10%
8/2/24 08:15 PM,291,2,145.5,3,72,24.70%
8/2/24 08:30 PM,345,3,115,3,72,20.90%
8/2/24 08:45 PM,222,2,111,3,72,32.40%
8/2/24 09:00 PM,0,0,0,3,72,0.00%
8/2/24 09:15 PM,47,2,23.5,3,72,153.20%
8/2/24 09:30 PM,113,3,37.67,3,72,63.70%
8/2/24 09:45 PM,176.4,1,176.4,2.83,67.38,38.20%
8/2/24 10:00 PM,0,0,0,2.75,65.25,0.00%
8/2/24 10:15 PM,0,0,0,2.42,56.23,0.00%
8/2/24 10:30 PM,0,0,0,1.9,42.28,0.00%
8/2/24 10:45 PM,0,0,0,1.63,35.13,0.00%
8/3/24 04:00 PM,0,0,0,2.73,69.95,0.00%
8/3/24 04:15 PM,0,0,0,2.75,70.5,0.00%
8/3/24 04:30 PM,0,0,0,2.75,70.5,0.00%
8/3/24 04:45 PM,112,1,112,2.75,70.5,62.90%
8/3/24 05:00 PM,249,2,124.5,2.94,70.5,28.30%
8/3/24 05:15 PM,377,3,125.67,2.77,64.96,17.20%
8/3/24 05:30 PM,495,4,123.75,2.75,64.5,13.00%
8/3/24 05:45 PM,591,3,197,2.75,64.5,10.90%
8/3/24 06:00 PM,346,3,115.33,2.75,64.5,18.60%
8/3/24 06:15 PM,565,2,282.5,2.75,64.5,11.40%
8/3/24 06:30 PM,457,4,114.25,2.75,64.5,14.10%
8/3/24 06:45 PM,362,4,90.5,2.75,64.5,17.80%
8/3/24 07:00 PM,940,4,235,2.75,64.5,6.90%
8/3/24 07:15 PM,181,2,90.5,2.75,64.5,35.60%
8/3/24 07:30 PM,898,6,149.67,2.75,64.5,7.20%
8/3/24 07:45 PM,219,1,219,2.75,64.5,29.50%
8/3/24 08:00 PM,88,1,88,2.75,64.5,73.30%
8/3/24 08:15 PM,210,2,105,2.75,64.5,30.70%
8/3/24 08:30 PM,485,3,161.67,2.75,64.5,13.30%
8/3/24 08:45 PM,168,4,42,2.75,64.5,38.40%
8/3/24 09:00 PM,48,1,48,2.75,64.56,134.50%
8/3/24 09:15 PM,160,2,80,2.75,67.5,42.20%
8/3/24 09:30 PM,5.75,2,2.88,2.65,64.67,1124.70%
8/3/24 09:45 PM,42,2,21,2.41,58.41,139.10%
8/3/24 10:00 PM,0,0,0,2.25,54,0.00%
8/3/24 10:15 PM,0,0,0,2.25,54,0.00%
8/3/24 10:30 PM,0,0,0,2.25,54,0.00%
8/3/24 10:45 PM,0,0,0,1.63,39.92,0.00%
8/4/24 04:00 PM,329,2,164.5,3.25,80.25,24.40%
8/4/24 04:15 PM,336,4,84,3.25,80.25,23.90%
8/4/24 04:30 PM,171,2,85.5,3.25,80.25,46.90%
8/4/24 04:45 PM,258.3,1,258.3,3.25,80.25,31.10%
8/4/24 05:00 PM,497,4,124.25,3.25,80.25,16.10%
8/4/24 05:15 PM,569.99,3,190,3.25,80.25,14.10%
8/4/24 05:30 PM,859,5,171.8,3.25,80.25,9.30%
8/4/24 05:45 PM,370,4,92.5,3.25,80.25,21.70%
8/4/24 06:00 PM,610.6,7,87.23,3.25,80.25,13.10%
8/4/24 06:15 PM,259.5,3,86.5,3.25,80.25,30.90%
8/4/24 06:30 PM,674,3,224.67,3.25,80.25,11.90%
8/4/24 06:45 PM,827.4,4,206.85,3.25,80.25,9.70%
8/4/24 07:00 PM,107,1,107,3.25,80.25,75.00%
8/4/24 07:15 PM,339,3,113,3.25,80.25,23.70%
8/4/24 07:30 PM,342,3,114,3.25,80.25,23.50%
8/4/24 07:45 PM,714.5,5,142.9,3.25,80.25,11.20%
8/4/24 08:00 PM,373,3,124.33,3.25,80.25,21.50%
8/4/24 08:15 PM,372,3,124,3.25,80.25,21.60%
8/4/24 08:30 PM,217,1,217,3.25,80.25,37.00%
8/4/24 08:45 PM,0,0,0,3.25,80.25,0.00%
8/4/24 09:00 PM,0,0,0,3.25,80.25,0.00%
8/4/24 09:15 PM,0,0,0,3.25,82.68,0.00%
8/4/24 09:30 PM,0,0,0,3.25,86.5,0.00%
8/4/24 09:45 PM,0,0,0,3.13,86.44,0.00%
8/4/24 10:00 PM,0,0,0,1.37,39.12,0.00%
8/4/24 10:15 PM,0,0,0,0.26,5.9,0.00%
8/4/24 10:30 PM,0,0,0,0.25,5.5,0.00%
8/4/24 10:45 PM,0,0,0,0.25,5.5,0.00%
8/5/24 04:00 PM,0,0,0,1,23.75,0.00%
8/5/24 04:15 PM,0,0,0,1,23.75,0.00%
8/5/24 04:30 PM,0,0,0,1,23.75,0.00%
8/5/24 04:45 PM,0,0,0,0.88,20.78,0.00%
8/5/24 05:00 PM,0,0,0,0.13,2.65,0.00%
8/5/24 05:15 PM,0,0,0,0,0,0.00%
8/5/24 05:30 PM,0,0,0,0,0,0.00%
8/5/24 05:45 PM,0,0,0,0,0,0.00%
8/5/24 06:00 PM,0,0,0,0,0,0.00%
8/5/24 06:15 PM,0,0,0,0,0,0.00%
8/5/24 06:30 PM,0,0,0,0,0,0.00%
8/5/24 06:45 PM,0,0,0,0,0,0.00%
8/5/24 07:00 PM,0,0,0,0,0,0.00%
8/5/24 07:15 PM,0,0,0,0,0,0.00%
8/5/24 07:30 PM,0,0,0,0,0,0.00%
8/5/24 07:45 PM,0,0,0,0,0,0.00%
8/5/24 08:00 PM,0,0,0,0,0,0.00%
8/5/24 08:15 PM,0,0,0,0,0,0.00%
8/5/24 08:30 PM,0,0,0,0,0,0.00%
8/5/24 08:45 PM,0,0,0,0,0,0.00%
8/5/24 09:00 PM,0,0,0,0,0,0.00%
8/5/24 09:15 PM,0,0,0,0,0,0.00%
8/5/24 09:30 PM,0,0,0,0,0,0.00%
8/5/24 09:45 PM,0,0,0,0,0,0.00%
8/5/24 10:00 PM,0,0,0,0,0,0.00%
8/5/24 10:15 PM,0,0,0,0,0,0.00%
8/5/24 10:30 PM,0,0,0,0,0,0.00%
8/5/24 10:45 PM,0,0,0,0,0,0.00%
8/6/24 04:00 PM,0,0,0,1.5,38,0.00%
8/6/24 04:15 PM,0,0,0,1.5,38,0.00%
8/6/24 04:30 PM,0,0,0,1.5,38,0.00%
8/6/24 04:45 PM,0,0,0,1.5,38,0.00%
8/6/24 05:00 PM,0,0,0,1.5,38,0.00%
8/6/24 05:15 PM,118,1,118,1.5,38,32.20%
8/6/24 05:30 PM,250,1,250,1.5,38,15.20%
8/6/24 05:45 PM,74,1,74,1.5,38,51.40%
8/6/24 06:00 PM,273,3,91,1.5,38,13.90%
8/6/24 06:15 PM,226.99,2,113.5,1.5,38,16.70%
8/6/24 06:30 PM,197,2,98.5,1.5,38,19.30%
8/6/24 06:45 PM,66,2,33,1.28,32.77,49.70%
8/6/24 07:00 PM,353.6,3,117.87,1.25,32,9.00%
8/6/24 07:15 PM,393,4,98.25,1.25,32,8.10%
8/6/24 07:30 PM,218,1,218,1.25,32,14.70%
8/6/24 07:45 PM,0,0,0,1.25,32,0.00%
8/6/24 08:00 PM,0,0,0,1.25,32,0.00%
8/6/24 08:15 PM,0,0,0,1.25,32,0.00%
8/6/24 08:30 PM,95,2,47.5,1.25,32,33.70%
8/6/24 08:45 PM,246.6,1,246.6,1.25,32,13.00%
8/6/24 09:00 PM,0,0,0,1.25,32,0.00%
8/6/24 09:15 PM,0,0,0,1.25,32,0.00%
8/6/24 09:30 PM,0,0,0,1.17,29.79,0.00%
8/6/24 09:45 PM,2.5,1,2.5,1,25.25,1010.00%
8/6/24 10:00 PM,35,1,35,0.96,22.33,63.80%
8/6/24 10:15 PM,0,0,0,0.46,10.82,0.00%
8/6/24 10:30 PM,0,0,0,0.05,1.1,0.00%
8/6/24 10:45 PM,0,0,0,0,0,0.00%
8/7/24 04:00 PM,0,0,0,1.5,29.75,0.00%
8/7/24 04:15 PM,0,0,0,1.6,32.37,0.00%
8/7/24 04:30 PM,0,0,0,1.75,36.5,0.00%
8/7/24 04:45 PM,0,0,0,1.75,36.5,0.00%
8/7/24 05:00 PM,0,0,0,1.98,42.68,0.00%
8/7/24 05:15 PM,0,0,0,2,43.25,0.00%
8/7/24 05:30 PM,215,1,215,1.87,40.56,18.90%
8/7/24 05:45 PM,416,1,416,1.58,33.5,8.10%
8/7/24 06:00 PM,96,1,96,1.5,31.5,32.80%
8/7/24 06:15 PM,244,2,122,1.5,31.5,12.90%
8/7/24 06:30 PM,356,3,118.67,1.5,31.5,8.80%
8/7/24 06:45 PM,141,1,141,1.5,31.5,22.30%
8/7/24 07:00 PM,502,4,125.5,1.5,31.5,6.30%
8/7/24 07:15 PM,122,1,122,1.5,31.5,25.80%
8/7/24 07:30 PM,0,0,0,1.5,31.5,0.00%
8/7/24 07:45 PM,406,5,81.2,1.5,31.5,7.80%
8/7/24 08:00 PM,0,0,0,1.5,31.5,0.00%
8/7/24 08:15 PM,18,1,18,1.5,31.5,175.00%
8/7/24 08:30 PM,0,0,0,1.5,31.5,0.00%
8/7/24 08:45 PM,0,0,0,1.5,31.5,0.00%
8/7/24 09:00 PM,0,0,0,1.5,31.5,0.00%
8/7/24 09:15 PM,0,0,0,1.5,31.5,0.00%
8/7/24 09:30 PM,0,0,0,1.36,29.87,0.00%
8/7/24 09:45 PM,0,0,0,0.59,14.12,0.00%
8/7/24 10:00 PM,0,0,0,0.25,5.25,0.00%
8/7/24 10:15 PM,0,0,0,0.1,2.1,0.00%
8/7/24 10:30 PM,0,0,0,0,0,0.00%
8/7/24 10:45 PM,0,0,0,0,0,0.00%
8/8/24 04:00 PM,0,0,0,2.25,50,0.00%
8/8/24 04:15 PM,0,0,0,2.32,51.91,0.00%
8/8/24 04:30 PM,0,0,0,2.5,56.75,0.00%
8/8/24 04:45 PM,0,0,0,2.5,56.75,0.00%
8/8/24 05:00 PM,0,0,0,2.5,56.75,0.00%
8/8/24 05:15 PM,68,1,68,2.5,56.75,83.50%
8/8/24 05:30 PM,0,0,0,2.5,56.75,0.00%
8/8/24 05:45 PM,365,2,182.5,2.3,52.48,14.40%
8/8/24 06:00 PM,683.1,4,170.78,2.25,51.5,7.50%
8/8/24 06:15 PM,213,2,106.5,2.25,51.5,24.20%
8/8/24 06:30 PM,0,0,0,2.25,51.5,0.00%
8/8/24 06:45 PM,583,3,194.33,2.25,51.5,8.80%
8/8/24 07:00 PM,728,3,242.67,2.25,51.5,7.10%
8/8/24 07:15 PM,518,4,129.5,2.25,51.5,9.90%
8/8/24 07:30 PM,343,4,85.75,2.25,51.5,15.00%
8/8/24 07:45 PM,131,1,131,2.25,51.5,39.30%
8/8/24 08:00 PM,0,0,0,2.25,51.5,0.00%
8/8/24 08:15 PM,0,0,0,2.25,51.5,0.00%
8/8/24 08:30 PM,0,0,0,2.25,51.5,0.00%
8/8/24 08:45 PM,0,0,0,2.25,51.5,0.00%
8/8/24 09:00 PM,42,1,42,2.25,51.5,122.60%
8/8/24 09:15 PM,0,0,0,1.99,47.28,0.00%
8/8/24 09:30 PM,0,0,0,1.11,24.31,0.00%
8/8/24 09:45 PM,0,0,0,0.75,14.63,0.00%
8/8/24 10:00 PM,0,0,0,0.6,10.55,0.00%
8/8/24 10:15 PM,0,0,0,0.39,4.34,0.00%
8/8/24 10:30 PM,0,0,0,0.25,0,0.00%
8/8/24 10:45 PM,0,0,0,0.25,0,0.00%
8/9/24 04:00 PM,0,0,0,2.5,65,0.00%
8/9/24 04:15 PM,0,0,0,2.5,65,0.00%
8/9/24 04:30 PM,0,0,0,2.5,65,0.00%
8/9/24 04:45 PM,0,0,0,2.5,65,0.00%
8/9/24 05:00 PM,403,3,134.33,2.31,58.5,14.50%
8/9/24 05:15 PM,0,0,0,2.5,58.5,0.00%
8/9/24 05:30 PM,628,5,125.6,2.5,58.5,9.30%
8/9/24 05:45 PM,480.99,3,160.33,2.5,58.5,12.20%
8/9/24 06:00 PM,702,5,140.4,2.5,58.5,8.30%
8/9/24 06:15 PM,425,2,212.5,2.5,58.5,13.80%
8/9/24 06:30 PM,452,2,226,2.5,58.5,12.90%
8/9/24 06:45 PM,385,5,77,2.5,58.5,15.20%
8/9/24 07:00 PM,407,2,203.5,2.5,58.5,14.40%
8/9/24 07:15 PM,209,2,104.5,2.5,58.5,28.00%
8/9/24 07:30 PM,632.99,4,158.25,2.5,58.5,9.20%
8/9/24 07:45 PM,305,3,101.67,2.5,58.5,19.20%
8/9/24 08:00 PM,405,3,135,2.5,58.5,14.40%
8/9/24 08:15 PM,0,0,0,2.5,58.5,0.00%
8/9/24 08:30 PM,0,0,0,2.36,54.81,0.00%
8/9/24 08:45 PM,109,1,109,2.25,51.75,47.50%
8/9/24 09:00 PM,73,1,73,2.25,51.75,70.90%
8/9/24 09:15 PM,0,0,0,2.25,51.75,0.00%
8/9/24 09:30 PM,0,0,0,2.25,51.75,0.00%
8/9/24 09:45 PM,0,0,0,2.22,50.9,0.00%
8/9/24 10:00 PM,0,0,0,2,45,0.00%
8/9/24 10:15 PM,0,0,0,1.53,32.56,0.00%
8/9/24 10:30 PM,0,0,0,0.67,10.06,0.00%
8/9/24 10:45 PM,0,0,0,0.5,5.5,0.00%
8/10/24 04:00 PM,0,0,0,2.15,55.75,0.00%
8/10/24 04:15 PM,0,0,0,2.25,58.5,0.00%
8/10/24 04:30 PM,0,0,0,2.5,65.25,0.00%
8/10/24 04:45 PM,126,1,126,2.5,65.25,51.80%
8/10/24 05:00 PM,796.1,3,265.37,2.27,59.36,7.50%
8/10/24 05:15 PM,178,1,178,2.25,58.75,33.00%
8/10/24 05:30 PM,367,4,91.75,2.39,58.75,16.00%
8/10/24 05:45 PM,628,4,157,2.5,58.75,9.40%
8/10/24 06:00 PM,0,0,0,2.5,58.75,0.00%
8/10/24 06:15 PM,581,4,145.25,2.5,58.75,10.10%
8/10/24 06:30 PM,542,4,135.5,2.5,58.75,10.80%
8/10/24 06:45 PM,0,0,0,2.5,58.75,0.00%
8/10/24 07:00 PM,156,2,78,2.5,58.75,37.70%
8/10/24 07:15 PM,993,7,141.86,2.5,58.75,5.90%
8/10/24 07:30 PM,52,1,52,2.5,58.75,113.00%
8/10/24 07:45 PM,146,1,146,2.41,56.29,38.60%
8/10/24 08:00 PM,460.6,3,153.53,2.12,48.4,10.50%
8/10/24 08:15 PM,323,1,323,2,45.25,14.00%
8/10/24 08:30 PM,28,1,28,2,45.25,161.60%
8/10/24 08:45 PM,87,2,43.5,2,45.25,52.00%
8/10/24 09:00 PM,0,0,0,1.89,42.33,0.00%
8/10/24 09:15 PM,127.8,1,127.8,1.75,38.5,30.10%
8/10/24 09:30 PM,15,2,7.5,1.75,38.5,256.70%
8/10/24 09:45 PM,0,0,0,1.52,32.25,0.00%
8/10/24 10:00 PM,0,0,0,1.5,31.75,0.00%
8/10/24 10:15 PM,0,0,0,1.46,30.79,0.00%
8/10/24 10:30 PM,0,0,0,0.97,18.26,0.00%
8/10/24 10:45 PM,0,0,0,0.27,5.74,0.00%
8/11/24 04:00 PM,252,2,126,3.25,78,31.00%
8/11/24 04:15 PM,631,4,157.75,3.25,78,12.40%
8/11/24 04:30 PM,253,2,126.5,3.25,78,30.80%
8/11/24 04:45 PM,678,6,113,3.25,78,11.50%
8/11/24 05:00 PM,258,2,129,3.25,78,30.20%
8/11/24 05:15 PM,663,3,221,3.25,78,11.80%
8/11/24 05:30 PM,214.8,2,107.4,3.25,78,36.30%
8/11/24 05:45 PM,195,1,195,3.25,78,40.00%
8/11/24 06:00 PM,647,5,129.4,3.25,78,12.10%
8/11/24 06:15 PM,803,5,160.6,3.25,78,9.70%
8/11/24 06:30 PM,616,3,205.33,3.25,78,12.70%
8/11/24 06:45 PM,719,5,143.8,3.25,78,10.80%
8/11/24 07:00 PM,148,2,74,3.25,78,52.70%
8/11/24 07:15 PM,416,3,138.67,3.25,78,18.80%
8/11/24 07:30 PM,778,6,129.67,3.25,78,10.00%
8/11/24 07:45 PM,301,3,100.33,3.25,78,25.90%
8/11/24 08:00 PM,335,2,167.5,3.25,78,23.30%
8/11/24 08:15 PM,660.54,5,132.11,3.25,78,11.80%
8/11/24 08:30 PM,175,2,87.5,3.25,78,44.60%
8/11/24 08:45 PM,0,0,0,3.25,78,0.00%
8/11/24 09:00 PM,0,0,0,3.25,78,0.00%
8/11/24 09:15 PM,0,0,0,3.25,78,0.00%
8/11/24 09:30 PM,0,0,0,3.19,76.48,0.00%
8/11/24 09:45 PM,0,0,0,2.36,54.31,0.00%
8/11/24 10:00 PM,0,0,0,1.42,30.01,0.00%
8/11/24 10:15 PM,22.5,1,22.5,0.89,20.41,90.70%
8/11/24 10:30 PM,0,0,0,0.5,12.25,0.00%
8/11/24 10:45 PM,0,0,0,0.32,7.38,0.00%
8/12/24 04:00 PM,0,0,0,0.75,17.75,0.00%
8/12/24 04:15 PM,0,0,0,0.75,17.75,0.00%
8/12/24 04:30 PM,0,0,0,0.75,17.75,0.00%
8/12/24 04:45 PM,0,0,0,0.36,8.08,0.00%
8/12/24 05:00 PM,0,0,0,0,0,0.00%
8/12/24 05:15 PM,0,0,0,0,0,0.00%
8/12/24 05:30 PM,0,0,0,0,0,0.00%
8/12/24 05:45 PM,0,0,0,0,0,0.00%
8/12/24 06:00 PM,0,0,0,0,0,0.00%
8/12/24 06:15 PM,0,0,0,0,0,0.00%
8/12/24 06:30 PM,0,0,0,0,0,0.00%
8/12/24 06:45 PM,0,0,0,0,0,0.00%
8/12/24 07:00 PM,0,0,0,0,0,0.00%
8/12/24 07:15 PM,0,0,0,0,0,0.00%
8/12/24 07:30 PM,0,0,0,0,0,0.00%
8/12/24 07:45 PM,0,0,0,0,0,0.00%
8/12/24 08:00 PM,0,0,0,0,0,0.00%
8/12/24 08:15 PM,0,0,0,0,0,0.00%
8/12/24 08:30 PM,0,0,0,0,0,0.00%
8/12/24 08:45 PM,0,0,0,0,0,0.00%
8/12/24 09:00 PM,0,0,0,0,0,0.00%
8/12/24 09:15 PM,0,0,0,0,0,0.00%
8/12/24 09:30 PM,0,0,0,0,0,0.00%
8/12/24 09:45 PM,0,0,0,0,0,0.00%
8/12/24 10:00 PM,0,0,0,0,0,0.00%
8/12/24 10:15 PM,0,0,0,0,0,0.00%
8/12/24 10:30 PM,0,0,0,0,0,0.00%
8/12/24 10:45 PM,0,0,0,0,0,0.00%
8/13/24 04:00 PM,0,2,0,1.75,38,0.00%
8/13/24 04:15 PM,0,0,0,1.75,38,0.00%
8/13/24 04:30 PM,0,0,0,1.89,41.79,0.00%
8/13/24 04:45 PM,0,0,0,2,44.75,0.00%
8/13/24 05:00 PM,177.99,2,89,2,44.75,25.10%
8/13/24 05:15 PM,300,3,100,2,44.75,14.90%
8/13/24 05:30 PM,113,1,113,2,44.75,39.60%
8/13/24 05:45 PM,443.25,4,110.81,2,44.75,10.10%
8/13/24 06:00 PM,0,0,0,2,44.75,0.00%
8/13/24 06:15 PM,96,1,96,2,44.75,46.60%
8/13/24 06:30 PM,419,3,139.67,2,44.75,10.70%
8/13/24 06:45 PM,88,1,88,2,44.75,50.90%
8/13/24 07:00 PM,137,2,68.5,2,44.75,32.70%
8/13/24 07:15 PM,685,3,228.33,2,44.75,6.50%
8/13/24 07:30 PM,351,2,175.5,2,44.75,12.70%
8/13/24 07:45 PM,0,1,0,2,44.75,0.00%
8/13/24 08:00 PM,156,2,78,2,44.75,28.70%
8/13/24 08:15 PM,0,0,0,2,44.75,0.00%
8/13/24 08:30 PM,0,0,0,2,44.75,0.00%
8/13/24 08:45 PM,0,0,0,2,44.75,0.00%
8/13/24 09:00 PM,0,0,0,2,44.75,0.00%
8/13/24 09:15 PM,0,0,0,2,44.75,0.00%
8/13/24 09:30 PM,0,0,0,1.71,37,0.00%
8/13/24 09:45 PM,0,0,0,0.87,18.75,0.00%
8/13/24 10:00 PM,0,0,0,0.24,5.53,0.00%
8/13/24 10:15 PM,0,0,0,0,0,0.00%
8/13/24 10:30 PM,0,0,0,0,0,0.00%
8/13/24 10:45 PM,0,0,0,0,0,0.00%
8/14/24 04:00 PM,0,0,0,1.75,43,0.00%
8/14/24 04:15 PM,0,0,0,1.81,44.57,0.00%
8/14/24 04:30 PM,0,0,0,2.04,51.68,0.00%
8/14/24 04:45 PM,0,0,0,2,51.25,0.00%
8/14/24 05:00 PM,26,1,26,2,51.25,197.10%
8/14/24 05:15 PM,0,0,0,2.03,51.25,0.00%
8/14/24 05:30 PM,224,2,112,2.25,51.25,22.90%
8/14/24 05:45 PM,140,1,140,2.25,51.25,36.60%
8/14/24 06:00 PM,373.4,3,124.47,2.25,51.25,13.70%
8/14/24 06:15 PM,0,0,0,2.25,51.25,0.00%
8/14/24 06:30 PM,22,1,22,2.25,51.25,233.00%
8/14/24 06:45 PM,221,2,110.5,2.25,51.25,23.20%
8/14/24 07:00 PM,637,5,127.4,2.25,51.25,8.00%
8/14/24 07:15 PM,503,3,167.67,2.25,51.25,10.20%
8/14/24 07:30 PM,133,1,133,2.25,51.25,38.50%
8/14/24 07:45 PM,309,3,103,2.25,51.25,16.60%
8/14/24 08:00 PM,0,0,0,2.25,51.25,0.00%
8/14/24 08:15 PM,280,2,140,2.25,51.25,18.30%
8/14/24 08:30 PM,67,1,67,2.25,51.25,76.50%
8/14/24 08:45 PM,0,1,0,2.25,51.25,0.00%
8/14/24 09:00 PM,0,0,0,2.25,51.25,0.00%
8/14/24 09:15 PM,0,0,0,2.25,51.25,0.00%
8/14/24 09:30 PM,0,1,0,2.16,50.13,0.00%
8/14/24 09:45 PM,0,0,0,1.28,33.06,0.00%
8/14/24 10:00 PM,0,0,0,1.11,28.48,0.00%
8/14/24 10:15 PM,0,0,0,0.43,10.54,0.00%
8/14/24 10:30 PM,0,0,0,0,0,0.00%
8/14/24 10:45 PM,0,0,0,0,0,0.00%
8/15/24 04:00 PM,0,0,0,2.39,53.54,0.00%
8/15/24 04:15 PM,0,0,0,2.35,52.65,0.00%
8/15/24 04:30 PM,0,0,0,2.24,51.08,0.00%
8/15/24 04:45 PM,0,0,0,2.25,51.5,0.00%
8/15/24 05:00 PM,193,1,193,2.25,51.5,26.70%
8/15/24 05:15 PM,0,0,0,2.25,51.5,0.00%
8/15/24 05:30 PM,0,1,0,2.25,51.5,0.00%
8/15/24 05:45 PM,226,1,226,2.25,51.5,22.80%
8/15/24 06:00 PM,143,1,143,2.12,48.01,33.60%
8/15/24 06:15 PM,895,2,447.5,2,44.75,5.00%
8/15/24 06:30 PM,233,2,116.5,2,44.75,19.20%
8/15/24 06:45 PM,146,1,146,2,44.75,30.70%
8/15/24 07:00 PM,758,6,126.33,2,44.75,5.90%
8/15/24 07:15 PM,488.3,4,122.08,2,44.75,9.20%
8/15/24 07:30 PM,106,3,35.33,2,44.75,42.20%
8/15/24 07:45 PM,94,1,94,2,44.75,47.60%
8/15/24 08:00 PM,0,0,0,2,44.75,0.00%
8/15/24 08:15 PM,0,0,0,2,44.75,0.00%
8/15/24 08:30 PM,0,0,0,2,44.75,0.00%
8/15/24 08:45 PM,0,0,0,2,44.75,0.00%
8/15/24 09:00 PM,0,0,0,1.96,43.61,0.00%
8/15/24 09:15 PM,0,0,0,1.56,37.12,0.00%
8/15/24 09:30 PM,0,0,0,1.01,27.89,0.00%
8/15/24 09:45 PM,0,0,0,0.87,18.9,0.00%
8/15/24 10:00 PM,0,0,0,0.5,7.88,0.00%
8/15/24 10:15 PM,0,0,0,0.16,1.61,0.00%
8/15/24 10:30 PM,0,0,0,0,0,0.00%
8/15/24 10:45 PM,0,0,0,0,0,0.00%
8/16/24 04:00 PM,0,0,0,2.18,56.51,0.00%
8/16/24 04:15 PM,0,0,0,2.2,57.34,0.00%
8/16/24 04:30 PM,14,1,14,2.25,59.25,423.20%
8/16/24 04:45 PM,0,0,0,2.42,63.75,0.00%
8/16/24 05:00 PM,50,1,50,2.65,66,132.00%
8/16/24 05:15 PM,317,1,317,2.75,66,20.80%
8/16/24 05:30 PM,856,3,285.33,2.75,66,7.70%
8/16/24 05:45 PM,979,7,139.86,2.75,66,6.70%
8/16/24 06:00 PM,422,3,140.67,2.75,66,15.60%
8/16/24 06:15 PM,225,2,112.5,2.75,66,29.30%
8/16/24 06:30 PM,186,2,93,2.75,66,35.50%
8/16/24 06:45 PM,240,1,240,2.75,66,27.50%
8/16/24 07:00 PM,421,3,140.33,2.75,66,15.70%
8/16/24 07:15 PM,405,3,135,2.75,66,16.30%
8/16/24 07:30 PM,445,3,148.33,2.75,66,14.80%
8/16/24 07:45 PM,1254,4,313.5,2.75,66,5.30%
8/16/24 08:00 PM,550,4,137.5,2.75,66,12.00%
8/16/24 08:15 PM,759,5,151.8,2.75,66,8.70%
8/16/24 08:30 PM,153,2,76.5,2.75,66,43.10%
8/16/24 08:45 PM,73,2,36.5,2.75,66,90.40%
8/16/24 09:00 PM,202,2,101,2.75,66,32.70%
8/16/24 09:15 PM,0,0,0,2.75,66,0.00%
8/16/24 09:30 PM,296,2,148,2.75,66,22.30%
8/16/24 09:45 PM,0,0,0,2.75,66,0.00%
8/16/24 10:00 PM,0,0,0,2.75,66,0.00%
8/16/24 10:15 PM,0,0,0,2.75,66,0.00%
8/16/24 10:30 PM,0,0,0,2.51,59.74,0.00%
8/16/24 10:45 PM,0,0,0,1.31,27.49,0.00%
8/17/24 04:00 PM,0,0,0,2.08,53.25,0.00%
8/17/24 04:15 PM,0,0,0,2.49,64.18,0.00%
8/17/24 04:30 PM,0,0,0,2.5,64.5,0.00%
8/17/24 04:45 PM,0,0,0,2.28,58.69,0.00%
8/17/24 05:00 PM,577,5,115.4,2.44,58,10.10%
8/17/24 05:15 PM,501,4,125.25,2.5,58,11.60%
8/17/24 05:30 PM,1062,5,212.4,2.5,58,5.50%
8/17/24 05:45 PM,284,2,142,2.5,58,20.40%
8/17/24 06:00 PM,457,4,114.25,2.5,58,12.70%
8/17/24 06:15 PM,160,1,160,2.5,58,36.20%
8/17/24 06:30 PM,563,3,187.67,2.5,58,10.30%
8/17/24 06:45 PM,0,0,0,2.5,58,0.00%
8/17/24 07:00 PM,713.6,4,178.4,2.5,58,8.10%
8/17/24 07:15 PM,265,2,132.5,2.5,58,21.90%
8/17/24 07:30 PM,323,2,161.5,2.5,58,18.00%
8/17/24 07:45 PM,505,4,126.25,2.5,58,11.50%
8/17/24 08:00 PM,704,4,176,2.5,58,8.20%
8/17/24 08:15 PM,299,2,149.5,2.47,57.19,19.10%
8/17/24 08:30 PM,126,1,126,2.25,51.25,40.70%
8/17/24 08:45 PM,115,1,115,2.25,51.25,44.60%
8/17/24 09:00 PM,0,0,0,2.25,51.25,0.00%
8/17/24 09:15 PM,13,1,13,2.25,51.25,394.20%
8/17/24 09:30 PM,56,1,56,2.25,51.25,91.50%
8/17/24 09:45 PM,0,0,0,2.25,51.25,0.00%
8/17/24 10:00 PM,0,0,0,2.1,47.13,0.00%
8/17/24 10:15 PM,0,0,0,2,44.5,0.00%
8/17/24 10:30 PM,0,0,0,1.6,33.6,0.00%
8/17/24 10:45 PM,0,0,0,0.99,17.92,0.00%
8/18/24 04:00 PM,335,3,111.67,3.5,90.25,26.90%
8/18/24 04:15 PM,108.9,1,108.9,3.5,90.25,82.90%
8/18/24 04:30 PM,252,1,252,3.5,90.25,35.80%
8/18/24 04:45 PM,315,2,157.5,3.62,90.25,28.70%
8/18/24 05:00 PM,721,5,144.2,3.75,90.25,12.50%
8/18/24 05:15 PM,805,3,268.33,3.75,90.25,11.20%
8/18/24 05:30 PM,421,2,210.5,3.75,90.25,21.40%
8/18/24 05:45 PM,344.8,4,86.2,3.75,90.25,26.20%
8/18/24 06:00 PM,797,4,199.25,3.75,90.25,11.30%
8/18/24 06:15 PM,183,2,91.5,3.75,90.25,49.30%
8/18/24 06:30 PM,127,1,127,3.75,90.25,71.10%
8/18/24 06:45 PM,635,3,211.67,3.75,90.25,14.20%
8/18/24 07:00 PM,414.7,3,138.23,3.75,90.25,21.80%
8/18/24 07:15 PM,816,5,163.2,3.75,90.25,11.10%
8/18/24 07:30 PM,418,3,139.33,3.75,90.25,21.60%
8/18/24 07:45 PM,651.1,5,130.22,3.75,90.25,13.90%
8/18/24 08:00 PM,624,5,124.8,3.75,90.25,14.50%
8/18/24 08:15 PM,167,1,167,3.75,90.25,54.00%
8/18/24 08:30 PM,0,0,0,3.75,90.25,0.00%
8/18/24 08:45 PM,86.4,1,86.4,3.68,88.23,102.10%
8/18/24 09:00 PM,0,0,0,3.5,83.5,0.00%
8/18/24 09:15 PM,0,0,0,3.5,83.5,0.00%
8/18/24 09:30 PM,0,0,0,3.34,83.5,0.00%
8/18/24 09:45 PM,0,0,0,2.81,71.69,0.00%
8/18/24 10:00 PM,0,0,0,1.76,43.39,0.00%
8/18/24 10:15 PM,11,1,11,1.16,27.23,247.50%
8/18/24 10:30 PM,0,0,0,0.38,8.56,0.00%
8/18/24 10:45 PM,0,0,0,0.25,5.5,0.00%
8/19/24 04:00 PM,0,0,0,0.5,11.25,0.00%
8/19/24 04:15 PM,0,0,0,0.5,11.25,0.00%
8/19/24 04:30 PM,0,0,0,0.5,11.25,0.00%
8/19/24 04:45 PM,0,0,0,0.5,11.25,0.00%
8/19/24 05:00 PM,0,0,0,0.32,7.06,0.00%
8/19/24 05:15 PM,0,0,0,0,0,0.00%
8/19/24 05:30 PM,0,0,0,0,0,0.00%
8/19/24 05:45 PM,0,0,0,0,0,0.00%
8/19/24 06:00 PM,0,0,0,0,0,0.00%
8/19/24 06:15 PM,0,0,0,0,0,0.00%
8/19/24 06:30 PM,0,0,0,0,0,0.00%
8/19/24 06:45 PM,0,0,0,0,0,0.00%
8/19/24 07:00 PM,0,0,0,0,0,0.00%
8/19/24 07:15 PM,0,0,0,0,0,0.00%
8/19/24 07:30 PM,0,0,0,0,0,0.00%
8/19/24 07:45 PM,0,0,0,0,0,0.00%
8/19/24 08:00 PM,0,0,0,0,0,0.00%
8/19/24 08:15 PM,0,0,0,0,0,0.00%
8/19/24 08:30 PM,0,0,0,0,0,0.00%
8/19/24 08:45 PM,0,0,0,0,0,0.00%
8/19/24 09:00 PM,0,0,0,0,0,0.00%
8/19/24 09:15 PM,0,0,0,0,0,0.00%
8/19/24 09:30 PM,0,0,0,0,0,0.00%
8/19/24 09:45 PM,0,0,0,0,0,0.00%
8/19/24 10:00 PM,0,0,0,0,0,0.00%
8/19/24 10:15 PM,0,0,0,0,0,0.00%
8/19/24 10:30 PM,0,0,0,0,0,0.00%
8/19/24 10:45 PM,0,0,0,0,0,0.00%
8/20/24 04:00 PM,0,0,0,1.75,37.5,0.00%
8/20/24 04:15 PM,0,0,0,1.75,37.5,0.00%
8/20/24 04:30 PM,0,0,0,1.81,39,0.00%
8/20/24 04:45 PM,0,0,0,2.12,47.03,0.00%
8/20/24 05:00 PM,295,3,98.33,2.25,50.25,17.00%
8/20/24 05:15 PM,285,3,95,2.25,50.25,17.60%
8/20/24 05:30 PM,40,1,40,2.25,50.25,125.60%
8/20/24 05:45 PM,155,1,155,2.25,50.25,32.40%
8/20/24 06:00 PM,89,1,89,2.25,50.25,56.50%
8/20/24 06:15 PM,382,2,191,2.25,50.25,13.20%
8/20/24 06:30 PM,340,3,113.33,2.25,50.25,14.80%
8/20/24 06:45 PM,456,3,152,2.25,50.25,11.00%
8/20/24 07:00 PM,206,2,103,2.25,50.25,24.40%
8/20/24 07:15 PM,236,3,78.67,2.25,50.25,21.30%
8/20/24 07:30 PM,254,2,127,2.25,50.25,19.80%
8/20/24 07:45 PM,274.99,3,91.66,2.25,50.25,18.30%
8/20/24 08:00 PM,308,2,154,2.08,46.09,15.00%
8/20/24 08:15 PM,0,0,0,2,44.25,0.00%
8/20/24 08:30 PM,0,0,0,2,44.25,0.00%
8/20/24 08:45 PM,0,0,0,2,44.25,0.00%
8/20/24 09:00 PM,0,0,0,2,44.25,0.00%
8/20/24 09:15 PM,0,0,0,2,44.25,0.00%
8/20/24 09:30 PM,0,0,0,2,44.25,0.00%
8/20/24 09:45 PM,0,0,0,1.95,42.81,0.00%
8/20/24 10:00 PM,0,0,0,1.11,23.15,0.00%
8/20/24 10:15 PM,0,0,0,0.49,11.78,0.00%
8/20/24 10:30 PM,0,0,0,0.1,2.16,0.00%
8/20/24 10:45 PM,0,0,0,0,0,0.00%
8/21/24 04:00 PM,0,0,0,2.25,49.75,0.00%
8/21/24 04:15 PM,0,0,0,2.27,50.34,0.00%
8/21/24 04:30 PM,0,0,0,2.67,61,0.00%
8/21/24 04:45 PM,0,0,0,2.75,63.25,0.00%
8/21/24 05:00 PM,0,0,0,2.75,63.25,0.00%
8/21/24 05:15 PM,170,2,85,2.75,63.25,37.20%
8/21/24 05:30 PM,450,1,450,2.75,63.25,14.10%
8/21/24 05:45 PM,144.99,2,72.5,2.64,60.9,42.00%
8/21/24 06:00 PM,466,1,466,2.5,58,12.40%
8/21/24 06:15 PM,223,2,111.5,2.5,58,26.00%
8/21/24 06:30 PM,359,3,119.67,2.5,58,16.20%
8/21/24 06:45 PM,726,4,181.5,2.5,58,8.00%
8/21/24 07:00 PM,166,2,83,2.5,58,34.90%
8/21/24 07:15 PM,715.99,3,238.66,2.5,58,8.10%
8/21/24 07:30 PM,605,5,121,2.5,58,9.60%
8/21/24 07:45 PM,264.8,2,132.4,2.5,58,21.90%
8/21/24 08:00 PM,143,1,143,2.5,58,40.60%
8/21/24 08:15 PM,0,0,0,2.5,58,0.00%
8/21/24 08:30 PM,183,1,183,2.5,58,31.70%
8/21/24 08:45 PM,0,0,0,2.5,58,0.00%
8/21/24 09:00 PM,0,0,0,2.5,58,0.00%
8/21/24 09:15 PM,0,0,0,2.5,58,0.00%
8/21/24 09:30 PM,0,0,0,2.42,55.83,0.00%
8/21/24 09:45 PM,0,0,0,1.62,35.39,0.00%
8/21/24 10:00 PM,0,0,0,1.18,23.71,0.00%
8/21/24 10:15 PM,0,0,0,1,18.75,0.00%
8/21/24 10:30 PM,0,0,0,0.48,8.18,0.00%
8/21/24 10:45 PM,0,0,0,0,0,0.00%
8/22/24 04:00 PM,0,0,0,2.28,49.97,0.00%
8/22/24 04:15 PM,0,0,0,2.72,61.94,0.00%
8/22/24 04:30 PM,0,0,0,2.75,62.75,0.00%
8/22/24 04:45 PM,0,0,0,2.75,62.75,0.00%
8/22/24 05:00 PM,0,0,0,2.65,60.28,0.00%
8/22/24 05:15 PM,0,0,0,2.39,53.99,0.00%
8/22/24 05:30 PM,0,0,0,2.25,51,0.00%
8/22/24 05:45 PM,420,2,210,2.25,51,12.10%
8/22/24 06:00 PM,707,4,176.75,2.02,44.84,6.30%
8/22/24 06:15 PM,76,2,38,2,44.25,58.20%
8/22/24 06:30 PM,0,0,0,2,44.25,0.00%
8/22/24 06:45 PM,241,2,120.5,2,44.25,18.40%
8/22/24 07:00 PM,667,4,166.75,2,44.25,6.60%
8/22/24 07:15 PM,122,1,122,2,44.25,36.30%
8/22/24 07:30 PM,255,3,85,2,45.86,18.00%
8/22/24 07:45 PM,398,3,132.67,2,46.88,11.80%
8/22/24 08:00 PM,0,0,0,2,46.88,0.00%
8/22/24 08:15 PM,149,2,74.5,2,46.88,31.50%
8/22/24 08:30 PM,0,0,0,2,46.88,0.00%
8/22/24 08:45 PM,0,0,0,2,46.88,0.00%
8/22/24 09:00 PM,0,0,0,2,46.88,0.00%
8/22/24 09:15 PM,0,0,0,1.99,46.7,0.00%
8/22/24 09:30 PM,0,0,0,1.31,28.86,0.00%
8/22/24 09:45 PM,0,0,0,0.55,10,0.00%
8/22/24 10:00 PM,0,0,0,0.5,7.88,0.00%
8/22/24 10:15 PM,0,0,0,0.33,2.67,0.00%
8/22/24 10:30 PM,0,0,0,0.25,0,0.00%
8/22/24 10:45 PM,0,0,0,0.25,0,0.00%
8/23/24 04:00 PM,0,0,0,2.5,65,0.00%
8/23/24 04:15 PM,0,0,0,2.53,65.83,0.00%
8/23/24 04:30 PM,0,0,0,2.75,71.75,0.00%
8/23/24 04:45 PM,0,0,0,2.75,71.75,0.00%
8/23/24 05:00 PM,60,1,60,2.75,71.75,119.60%
8/23/24 05:15 PM,135,1,135,2.75,71.75,53.10%
8/23/24 05:30 PM,111,1,111,2.75,71.75,64.60%
8/23/24 05:45 PM,353.99,3,118,2.75,71.75,20.30%
8/23/24 06:00 PM,686,5,137.2,2.75,71.75,10.50%
8/23/24 06:15 PM,190,3,63.33,2.92,71.75,37.80%
8/23/24 06:30 PM,708,5,141.6,3,71.75,10.10%
8/23/24 06:45 PM,160,2,80,2.95,70.59,44.10%
8/23/24 07:00 PM,576,4,144,2.75,65.75,11.40%
8/23/24 07:15 PM,542,5,108.4,2.75,65.75,12.10%
8/23/24 07:30 PM,1184.2,7,169.17,2.75,65.75,5.60%
8/23/24 07:45 PM,542,4,135.5,2.75,65.75,12.10%
8/23/24 08:00 PM,375,3,125,2.75,65.75,17.50%
8/23/24 08:15 PM,232,2,116,2.75,65.75,28.30%
8/23/24 08:30 PM,179,2,89.5,2.75,65.75,36.70%
8/23/24 08:45 PM,258,3,86,2.7,64.31,24.90%
8/23/24 09:00 PM,0,0,0,2.5,59,0.00%
8/23/24 09:15 PM,0,0,0,2.5,59,0.00%
8/23/24 09:30 PM,0,0,0,2.5,59,0.00%
8/23/24 09:45 PM,12,1,12,2.5,59,491.70%
8/23/24 10:00 PM,0,0,0,2.41,56.51,0.00%
8/23/24 10:15 PM,0,0,0,1.54,33.6,0.00%
8/23/24 10:30 PM,0,0,0,1.02,19.63,0.00%
8/23/24 10:45 PM,0,0,0,0.5,5.5,0.00%
8/24/24 04:00 PM,0,0,0,2.5,63.5,0.00%
8/24/24 04:15 PM,0,0,0,2.55,64.92,0.00%
8/24/24 04:30 PM,0,0,0,3.17,81.57,0.00%
8/24/24 04:45 PM,0,0,0,3.25,83.75,0.00%
8/24/24 05:00 PM,291,2,145.5,3.25,83.75,28.80%
8/24/24 05:15 PM,573,2,286.5,3.25,83.75,14.60%
8/24/24 05:30 PM,692.45,4,173.11,3.25,83.75,12.10%
8/24/24 05:45 PM,587,4,146.75,3.25,83.75,14.30%
8/24/24 06:00 PM,91,1,91,3.25,83.75,92.00%
8/24/24 06:15 PM,578,5,115.6,3.25,83.75,14.50%
8/24/24 06:30 PM,132,1,132,3.25,83.75,63.40%
8/24/24 06:45 PM,762,5,152.4,3.25,83.75,11.00%
8/24/24 07:00 PM,574,4,143.5,3.27,83.75,14.60%
8/24/24 07:15 PM,255,3,85,3.5,83.75,32.80%
8/24/24 07:30 PM,674,6,112.33,3.5,83.75,12.40%
8/24/24 07:45 PM,226,2,113,3.5,83.75,37.10%
8/24/24 08:00 PM,553,3,184.33,3.5,83.75,15.10%
8/24/24 08:15 PM,162,2,81,3.5,83.75,51.70%
8/24/24 08:30 PM,0,0,0,3.5,83.75,0.00%
8/24/24 08:45 PM,140,2,70,3.07,73.44,52.50%
8/24/24 09:00 PM,0,0,0,3,71.75,0.00%
8/24/24 09:15 PM,13,1,13,3,71.75,551.90%
8/24/24 09:30 PM,0,0,0,3,71.75,0.00%
8/24/24 09:45 PM,0,0,0,2.76,65.37,0.00%
8/24/24 10:00 PM,0,0,0,2.67,62.91,0.00%
8/24/24 10:15 PM,0,0,0,1.22,24.49,0.00%
8/24/24 10:30 PM,0,0,0,0.59,7.9,0.00%
8/24/24 10:45 PM,0,0,0,0.5,5.5,0.00%
8/25/24 04:00 PM,243,3,81,2.75,71.25,29.30%
8/25/24 04:15 PM,298,3,99.33,2.75,71.25,23.90%
8/25/24 04:30 PM,216,2,108,2.75,71.25,33.00%
8/25/24 04:45 PM,452,4,113,2.87,71.25,15.80%
8/25/24 05:00 PM,222,1,222,3,71.25,32.10%
8/25/24 05:15 PM,613,4,153.25,3,71.25,11.60%
8/25/24 05:30 PM,613,6,102.17,3,71.25,11.60%
8/25/24 05:45 PM,628,5,125.6,3,71.25,11.30%
8/25/24 06:00 PM,756.6,6,126.1,3,71.25,9.40%
8/25/24 06:15 PM,0,0,0,3,71.25,0.00%
8/25/24 06:30 PM,585,3,195,3,71.25,12.20%
8/25/24 06:45 PM,457,4,114.25,3,71.25,15.60%
8/25/24 07:00 PM,602,4,150.5,3,71.25,11.80%
8/25/24 07:15 PM,593,5,118.6,3,71.25,12.00%
8/25/24 07:30 PM,0,0,0,3,71.25,0.00%
8/25/24 07:45 PM,658,4,164.5,3,72.27,11.00%
8/25/24 08:00 PM,766,3,255.33,3,72.48,9.50%
8/25/24 08:15 PM,376,4,94,3,70.75,18.80%
8/25/24 08:30 PM,267,2,133.5,3,70.75,26.50%
8/25/24 08:45 PM,536,4,134,3,70.75,13.20%
8/25/24 09:00 PM,0,0,0,3,70.75,0.00%
8/25/24 09:15 PM,0,0,0,3,70.75,0.00%
8/25/24 09:30 PM,0,0,0,2.95,69.4,0.00%
8/25/24 09:45 PM,0,0,0,2.75,64,0.00%
8/25/24 10:00 PM,26,1,26,2.75,64,246.20%
8/25/24 10:15 PM,0,0,0,2.75,64,0.00%
8/25/24 10:30 PM,32.5,2,16.25,1.78,39.33,121.00%
8/25/24 10:45 PM,0,0,0,0.6,13.96,0.00%
8/26/24 04:00 PM,0,0,0,0.75,17.75,0.00%
8/26/24 04:15 PM,0,0,0,0.75,17.75,0.00%
8/26/24 04:30 PM,0,0,0,0.49,11.29,0.00%
8/26/24 04:45 PM,0,0,0,0.25,5.25,0.00%
8/26/24 05:00 PM,0,0,0,0.25,5.25,0.00%
8/26/24 05:15 PM,0,0,0,0.01,0.23,0.00%
8/26/24 05:30 PM,0,0,0,0,0,0.00%
8/26/24 05:45 PM,0,0,0,0,0,0.00%
8/26/24 06:00 PM,0,0,0,0,0,0.00%
8/26/24 06:15 PM,0,0,0,0,0,0.00%
8/26/24 06:30 PM,0,0,0,0,0,0.00%
8/26/24 06:45 PM,0,0,0,0,0,0.00%
8/26/24 07:00 PM,0,0,0,0,0,0.00%
8/26/24 07:15 PM,0,0,0,0,0,0.00%
8/26/24 07:30 PM,0,0,0,0,0,0.00%
8/26/24 07:45 PM,0,0,0,0,0,0.00%
8/26/24 08:00 PM,0,0,0,0,0,0.00%
8/26/24 08:15 PM,0,0,0,0,0,0.00%
8/26/24 08:30 PM,0,0,0,0,0,0.00%
8/26/24 08:45 PM,0,0,0,0,0,0.00%
8/26/24 09:00 PM,0,0,0,0,0,0.00%
8/26/24 09:15 PM,0,0,0,0,0,0.00%
8/26/24 09:30 PM,0,0,0,0,0,0.00%
8/26/24 09:45 PM,0,0,0,0,0,0.00%
8/26/24 10:00 PM,0,0,0,0,0,0.00%
8/26/24 10:15 PM,0,0,0,0,0,0.00%
8/26/24 10:30 PM,0,0,0,0,0,0.00%
8/26/24 10:45 PM,0,0,0,0,0,0.00%
8/27/24 04:00 PM,0,0,0,1.75,37.5,0.00%
8/27/24 04:15 PM,0,0,0,1.75,37.5,0.00%
8/27/24 04:30 PM,0,0,0,1.86,40.5,0.00%
8/27/24 04:45 PM,0,0,0,2.16,48.06,0.00%
8/27/24 05:00 PM,268,2,134,2.23,49.74,18.60%
8/27/24 05:15 PM,349,2,174.5,2,44.25,12.70%
8/27/24 05:30 PM,0,1,0,2,44.25,0.00%
8/27/24 05:45 PM,247,1,247,2,44.25,17.90%
8/27/24 06:00 PM,759,3,253,2,44.25,5.80%
8/27/24 06:15 PM,95,1,95,2,44.25,46.60%
8/27/24 06:30 PM,289,2,144.5,1.82,39.49,13.70%
8/27/24 06:45 PM,512.99,3,171,1.75,37.5,7.30%
8/27/24 07:00 PM,219,2,109.5,1.75,37.5,17.10%
8/27/24 07:15 PM,717,8,89.62,1.75,37.5,5.20%
8/27/24 07:30 PM,215,1,215,1.75,37.5,17.40%
8/27/24 07:45 PM,0,0,0,1.75,37.5,0.00%
8/27/24 08:00 PM,93,1,93,1.75,37.5,40.30%
8/27/24 08:15 PM,0,0,0,1.75,37.5,0.00%
8/27/24 08:30 PM,0,0,0,1.75,37.5,0.00%
8/27/24 08:45 PM,0,0,0,1.75,37.5,0.00%
8/27/24 09:00 PM,0,0,0,1.75,37.5,0.00%
8/27/24 09:15 PM,0,0,0,1.75,37.5,0.00%
8/27/24 09:30 PM,0,0,0,1.56,32.33,0.00%
8/27/24 09:45 PM,0,0,0,1.25,24,0.00%
8/27/24 10:00 PM,0,0,0,0.99,23.6,0.00%
8/27/24 10:15 PM,0,0,0,0.75,18,0.00%
8/27/24 10:30 PM,0,0,0,0.43,10.35,0.00%
8/27/24 10:45 PM,0,0,0,0.25,6,0.00%
8/28/24 04:00 PM,0,0,0,1.5,36.5,0.00%
8/28/24 04:15 PM,0,0,0,1.62,39.76,0.00%
8/28/24 04:30 PM,0,0,0,1.91,47.45,0.00%
8/28/24 04:45 PM,0,0,0,2,50,0.00%
8/28/24 05:00 PM,0,0,0,2,50,0.00%
8/28/24 05:15 PM,0,0,0,2,50,0.00%
8/28/24 05:30 PM,38,1,38,1.91,45.37,119.40%
8/28/24 05:45 PM,186,1,186,2,44.75,24.10%
8/28/24 06:00 PM,535,4,133.75,2,44.75,8.40%
8/28/24 06:15 PM,222,1,222,2,44.75,20.20%
8/28/24 06:30 PM,0,1,0,2,44.75,0.00%
8/28/24 06:45 PM,0,0,0,2,44.75,0.00%
8/28/24 07:00 PM,1102,8,137.75,2,44.75,4.10%
8/28/24 07:15 PM,156,1,156,2,44.75,28.70%
8/28/24 07:30 PM,366,2,183,2,44.75,12.20%
8/28/24 07:45 PM,0,0,0,2,44.75,0.00%
8/28/24 08:00 PM,0,0,0,2,44.75,0.00%
8/28/24 08:15 PM,116,1,116,2,44.75,38.60%
8/28/24 08:30 PM,0,0,0,2,44.75,0.00%
8/28/24 08:45 PM,88,1,88,2,44.75,50.90%
8/28/24 09:00 PM,0,0,0,2,44.75,0.00%
8/28/24 09:15 PM,0,0,0,2,44.75,0.00%
8/28/24 09:30 PM,0,0,0,2,44.75,0.00%
8/28/24 09:45 PM,0,0,0,1.93,42.74,0.00%
8/28/24 10:00 PM,0,0,0,1.3,26.65,0.00%
8/28/24 10:15 PM,0,0,0,0.9,16.17,0.00%
8/28/24 10:30 PM,0,0,0,0.31,1.16,0.00%
8/28/24 10:45 PM,0,0,0,0.25,0,0.00%
8/29/24 04:00 PM,0,0,0,1.81,44.37,0.00%
8/29/24 04:15 PM,0,0,0,2.1,52.25,0.00%
8/29/24 04:30 PM,0,0,0,2.25,56.25,0.00%
8/29/24 04:45 PM,0,0,0,2.26,56.25,0.00%
8/29/24 05:00 PM,165.7,2,82.85,2.5,56.25,33.90%
8/29/24 05:15 PM,0,0,0,2.27,50.05,0.00%
8/29/24 05:30 PM,123,1,123,2.25,49.5,40.20%
8/29/24 05:45 PM,240,1,240,2.04,44.99,18.70%
8/29/24 06:00 PM,270,2,135,2,44.25,16.40%
8/29/24 06:15 PM,0,0,0,2,44.25,0.00%
8/29/24 06:30 PM,531,5,106.2,2,44.25,8.30%
8/29/24 06:45 PM,415,3,138.33,2,44.25,10.70%
8/29/24 07:00 PM,238.7,4,59.68,2,44.25,18.50%
8/29/24 07:15 PM,701,4,175.25,2,44.25,6.30%
8/29/24 07:30 PM,375,3,125,2,44.25,11.80%
8/29/24 07:45 PM,240,2,120,2,44.25,18.40%
8/29/24 08:00 PM,376,2,188,2,44.25,11.80%
8/29/24 08:15 PM,0,0,0,2,44.25,0.00%
8/29/24 08:30 PM,77,1,77,2,44.25,57.50%
8/29/24 08:45 PM,0,0,0,2,44.25,0.00%
8/29/24 09:00 PM,0,0,0,2,46.56,0.00%
8/29/24 09:15 PM,0,0,0,2,46.88,0.00%
8/29/24 09:30 PM,0,0,0,2,46.88,0.00%
8/29/24 09:45 PM,0,0,0,1.97,46.24,0.00%
8/29/24 10:00 PM,0,0,0,1.23,27.45,0.00%
8/29/24 10:15 PM,0,0,0,0.67,12.45,0.00%
8/29/24 10:30 PM,0,0,0,0.37,3.91,0.00%
8/29/24 10:45 PM,0,0,0,0.25,0,0.00%
8/30/24 04:00 PM,0,0,0,1.7,43.83,0.00%
8/30/24 04:15 PM,0,0,0,2.05,53.19,0.00%
8/30/24 04:30 PM,0,0,0,2.21,57.23,0.00%
8/30/24 04:45 PM,0,0,0,2,52.25,0.00%
8/30/24 05:00 PM,809,6,134.83,2.23,58.34,7.20%
8/30/24 05:15 PM,210,2,105,2.3,59,28.10%
8/30/24 05:30 PM,1046,5,209.2,2.5,59,5.60%
8/30/24 05:45 PM,112,1,112,2.5,59,52.70%
8/30/24 06:00 PM,397,4,99.25,2.5,59,14.90%
8/30/24 06:15 PM,263,2,131.5,2.5,59,22.40%
8/30/24 06:30 PM,202,2,101,2.5,59,29.20%
8/30/24 06:45 PM,13,1,13,2.5,59,453.80%
8/30/24 07:00 PM,808,5,161.6,2.5,59,7.30%
8/30/24 07:15 PM,694,4,173.5,2.5,59,8.50%
8/30/24 07:30 PM,795.3,4,198.82,2.5,59,7.40%
8/30/24 07:45 PM,715,5,143,2.5,59,8.30%
8/30/24 08:00 PM,559,3,186.33,2.5,59,10.60%
8/30/24 08:15 PM,0,0,0,2.5,59,0.00%
8/30/24 08:30 PM,0,0,0,2.5,59,0.00%
8/30/24 08:45 PM,69,1,69,2.5,59,85.50%
8/30/24 09:00 PM,43,1,43,2.36,55.24,128.50%
8/30/24 09:15 PM,206,2,103,2.25,52.25,25.40%
8/30/24 09:30 PM,0,0,0,2.25,52.25,0.00%
8/30/24 09:45 PM,0,0,0,2.25,52.25,0.00%
8/30/24 10:00 PM,0,0,0,2.23,51.68,0.00%
8/30/24 10:15 PM,0,0,0,1.33,27.86,0.00%
8/30/24 10:30 PM,0,0,0,1.05,20.46,0.00%
8/30/24 10:45 PM,0,0,0,0.85,14.88,0.00%
8/31/24 04:00 PM,0,0,0,1.69,43.88,0.00%
8/31/24 04:15 PM,0,0,0,1.78,46.2,0.00%
8/31/24 04:30 PM,0,0,0,2.16,56.47,0.00%
8/31/24 04:45 PM,0,0,0,2.02,53.07,0.00%
8/31/24 05:00 PM,222,2,111,2,52.5,23.60%
8/31/24 05:15 PM,422,3,140.67,2,52.5,12.40%
8/31/24 05:30 PM,962.8,7,137.54,2.08,52.5,5.50%
8/31/24 05:45 PM,239,2,119.5,2.25,52.5,22.00%
8/31/24 06:00 PM,118,1,118,2.25,52.5,44.50%
8/31/24 06:15 PM,393,3,131,2.25,52.5,13.40%
8/31/24 06:30 PM,157.99,2,79,2.25,52.5,33.20%
8/31/24 06:45 PM,773,6,128.83,2.25,52.5,6.80%
8/31/24 07:00 PM,751,4,187.75,2.25,52.5,7.00%
8/31/24 07:15 PM,212,2,106,2.25,52.5,24.80%
8/31/24 07:30 PM,133,1,133,2.25,52.5,39.50%
8/31/24 07:45 PM,305,3,101.67,2.01,46.15,15.10%
8/31/24 08:00 PM,714,3,238,2,45.75,6.40%
8/31/24 08:15 PM,194,2,97,2,45.75,23.60%
8/31/24 08:30 PM,0,0,0,2,45.75,0.00%
8/31/24 08:45 PM,155.3,2,77.65,2,45.75,29.50%
8/31/24 09:00 PM,48,1,48,2,45.75,95.30%
8/31/24 09:15 PM,0,0,0,2,45.75,0.00%
8/31/24 09:30 PM,0,0,0,2,45.75,0.00%
8/31/24 09:45 PM,0,0,0,2,45.75,0.00%
8/31/24 10:00 PM,0,0,0,2,45.75,0.00%
8/31/24 10:15 PM,11,1,11,1.97,44.94,408.50%
8/31/24 10:30 PM,0,0,0,1.47,31.65,0.00%
8/31/24 10:45 PM,0,0,0,0.87,15.48,0.00%
9/1/24 04:00 PM,0,0,0,3,78,0.00%
9/1/24 04:15 PM,202,2,101,3.24,78,38.60%
9/1/24 04:30 PM,533,5,106.6,3.25,78,14.60%
9/1/24 04:45 PM,176,1,176,3.25,78,44.30%
9/1/24 05:00 PM,1099.6,7,157.09,3.25,78,7.10%
9/1/24 05:15 PM,354,3,118,3.25,78,22.00%
9/1/24 05:30 PM,509,3,169.67,3.25,78,15.30%
9/1/24 05:45 PM,237,2,118.5,3.25,78,32.90%
9/1/24 06:00 PM,750,4,187.5,3.25,78,10.40%
9/1/24 06:15 PM,288,3,96,3.25,78,27.10%
9/1/24 06:30 PM,752,6,125.33,3.25,78.78,10.50%
9/1/24 06:45 PM,0,0,0,3.25,81.37,0.00%
9/1/24 07:00 PM,567.3,3,189.1,3.25,81.37,14.30%
9/1/24 07:15 PM,393.9,4,98.48,3.25,81.37,20.70%
9/1/24 07:30 PM,527,3,175.67,3.25,81.37,15.40%
9/1/24 07:45 PM,539,4,134.75,3.25,81.37,15.10%
9/1/24 08:00 PM,678,4,169.5,3.25,81.37,12.00%
9/1/24 08:15 PM,488,4,122,3.25,81.37,16.70%
9/1/24 08:30 PM,230,2,115,3.25,81.37,35.40%
9/1/24 08:45 PM,76,1,76,3.25,81.37,107.10%
9/1/24 09:00 PM,133,1,133,3.25,81.37,61.20%
9/1/24 09:15 PM,46,1,46,2.8,69.13,150.30%
9/1/24 09:30 PM,0,0,0,2.75,67.87,0.00%
9/1/24 09:45 PM,0,0,0,2.75,67.87,0.00%
9/1/24 10:00 PM,0,0,0,2.75,67.87,0.00%
9/1/24 10:15 PM,0,0,0,2.47,60.52,0.00%
9/1/24 10:30 PM,0,0,0,1.67,38.37,0.00%
9/1/24 10:45 PM,0,0,0,0.51,5.66,0.00%
9/2/24 04:00 PM,0,0,0,0,0,0.00%
9/2/24 04:15 PM,0,0,0,0,0,0.00%
9/2/24 04:30 PM,0,0,0,0,0,0.00%
9/2/24 04:45 PM,0,0,0,0,0,0.00%
9/2/24 05:00 PM,0,0,0,0,0,0.00%
9/2/24 05:15 PM,0,0,0,0,0,0.00%
9/2/24 05:30 PM,0,0,0,0,0,0.00%
9/2/24 05:45 PM,0,0,0,0,0,0.00%
9/2/24 06:00 PM,0,0,0,0,0,0.00%
9/2/24 06:15 PM,0,0,0,0,0,0.00%
9/2/24 06:30 PM,0,0,0,0,0,0.00%
9/2/24 06:45 PM,0,0,0,0,0,0.00%
9/2/24 07:00 PM,0,0,0,0,0,0.00%
9/2/24 07:15 PM,0,0,0,0,0,0.00%
9/2/24 07:30 PM,0,0,0,0,0,0.00%
9/2/24 07:45 PM,0,0,0,0,0,0.00%
9/2/24 08:00 PM,0,0,0,0,0,0.00%
9/2/24 08:15 PM,0,0,0,0,0,0.00%
9/2/24 08:30 PM,0,0,0,0,0,0.00%
9/2/24 08:45 PM,0,0,0,0,0,0.00%
9/2/24 09:00 PM,0,0,0,0,0,0.00%
9/2/24 09:15 PM,0,0,0,0,0,0.00%
9/2/24 09:30 PM,0,0,0,0,0,0.00%
9/2/24 09:45 PM,0,0,0,0,0,0.00%
9/2/24 10:00 PM,0,0,0,0,0,0.00%
9/2/24 10:15 PM,0,0,0,0,0,0.00%
9/2/24 10:30 PM,0,0,0,0,0,0.00%
9/2/24 10:45 PM,0,0,0,0,0,0.00%
9/3/24 04:00 PM,0,0,0,2.25,50.5,0.00%
9/3/24 04:15 PM,0,0,0,2.23,50.09,0.00%
9/3/24 04:30 PM,0,0,0,2.25,50.75,0.00%
9/3/24 04:45 PM,0,0,0,2.25,50.75,0.00%
9/3/24 05:00 PM,248,2,124,2.25,50.75,20.50%
9/3/24 05:15 PM,171,2,85.5,2.25,50.75,29.70%
9/3/24 05:30 PM,56.99,2,28.5,2.06,45.75,80.30%
9/3/24 05:45 PM,0,0,0,2.25,44.75,0.00%
9/3/24 06:00 PM,258,2,129,2.25,44.75,17.30%
9/3/24 06:15 PM,703,5,140.6,2.25,44.75,6.40%
9/3/24 06:30 PM,178,1,178,2.25,44.75,25.10%
9/3/24 06:45 PM,465,4,116.25,2.25,44.75,9.60%
9/3/24 07:00 PM,267,3,89,2.25,44.75,16.80%
9/3/24 07:15 PM,670,1,670,2.25,44.75,6.70%
9/3/24 07:30 PM,0,0,0,2.25,44.75,0.00%
9/3/24 07:45 PM,118,1,118,2.25,44.75,37.90%
9/3/24 08:00 PM,0,0,0,2.25,44.75,0.00%
9/3/24 08:15 PM,0,0,0,2.25,44.75,0.00%
9/3/24 08:30 PM,0,0,0,2.25,44.75,0.00%
9/3/24 08:45 PM,0,0,0,2.25,44.75,0.00%
9/3/24 09:00 PM,0,0,0,2.25,44.75,0.00%
9/3/24 09:15 PM,0,0,0,2.2,43.52,0.00%
9/3/24 09:30 PM,0,0,0,1.7,30.14,0.00%
9/3/24 09:45 PM,0,0,0,1.08,14.04,0.00%
9/3/24 10:00 PM,0,0,0,0.62,3.24,0.00%
9/3/24 10:15 PM,0,0,0,0.5,0,0.00%
9/3/24 10:30 PM,0,0,0,0.5,0,0.00%
9/3/24 10:45 PM,0,0,0,0.5,0,0.00%
9/4/24 04:00 PM,0,0,0,2.25,55.75,0.00%
9/4/24 04:15 PM,0,0,0,2.25,55.75,0.00%
9/4/24 04:30 PM,0,0,0,2.43,60.53,0.00%
9/4/24 04:45 PM,0,0,0,2.75,69.25,0.00%
9/4/24 05:00 PM,0,0,0,2.75,69.25,0.00%
9/4/24 05:15 PM,240.4,3,80.13,2.72,67.94,28.30%
9/4/24 05:30 PM,154,1,154,2.75,64,41.60%
9/4/24 05:45 PM,398,2,199,2.75,64,16.10%
9/4/24 06:00 PM,0,0,0,2.75,64,0.00%
9/4/24 06:15 PM,403,3,134.33,2.75,64,15.90%
9/4/24 06:30 PM,286,1,286,2.75,64,22.40%
9/4/24 06:45 PM,284,1,284,2.75,64,22.50%
9/4/24 07:00 PM,346,2,173,2.75,64,18.50%
9/4/24 07:15 PM,94.05,2,47.02,2.75,64,68.00%
9/4/24 07:30 PM,188,1,188,2.75,64,34.00%
9/4/24 07:45 PM,68,2,34,2.75,64,94.10%
9/4/24 08:00 PM,0,0,0,2.75,64,0.00%
9/4/24 08:15 PM,0,0,0,2.75,64,0.00%
9/4/24 08:30 PM,30,1,30,2.75,64,213.30%
9/4/24 08:45 PM,0,0,0,2.75,64,0.00%
9/4/24 09:00 PM,0,0,0,2.51,58.07,0.00%
9/4/24 09:15 PM,0,0,0,1.78,39.02,0.00%
9/4/24 09:30 PM,0,0,0,1.68,36.31,0.00%
9/4/24 09:45 PM,0,0,0,1.25,24.75,0.00%
9/4/24 10:00 PM,0,0,0,0.83,14.59,0.00%
9/4/24 10:15 PM,0,0,0,0.5,6.75,0.00%
9/4/24 10:30 PM,0,0,0,0.25,0,0.00%
9/4/24 10:45 PM,0,0,0,0.25,0,0.00%
9/5/24 04:00 PM,0,0,0,2.29,50.26,0.00%
9/5/24 04:15 PM,0,0,0,2.5,56,0.00%
9/5/24 04:30 PM,0,0,0,2.36,52.59,0.00%
9/5/24 04:45 PM,0,0,0,2.25,50,0.00%
9/5/24 05:00 PM,21,1,21,2.25,50,238.10%
9/5/24 05:15 PM,551,2,275.5,2.15,47.83,8.70%
9/5/24 05:30 PM,157,1,157,2,44.75,28.50%
9/5/24 05:45 PM,0,0,0,2,44.75,0.00%
9/5/24 06:00 PM,679,4,169.75,2,44.75,6.60%
9/5/24 06:15 PM,1086,7,155.14,2,44.75,4.10%
9/5/24 06:30 PM,344,3,114.67,2,44.75,13.00%
9/5/24 06:45 PM,0,0,0,2,44.75,0.00%
9/5/24 07:00 PM,348.99,3,116.33,2,44.75,12.80%
9/5/24 07:15 PM,88,1,88,2,44.75,50.90%
9/5/24 07:30 PM,76,1,76,2,44.75,58.90%
9/5/24 07:45 PM,95,1,95,2,44.75,47.10%
9/5/24 08:00 PM,149,2,74.5,2,44.75,30.00%
9/5/24 08:15 PM,0,0,0,1.88,41.6,0.00%
9/5/24 08:30 PM,240,1,240,1.75,38,15.80%
9/5/24 08:45 PM,0,0,0,1.75,38,0.00%
9/5/24 09:00 PM,0,0,0,1.58,38,0.00%
9/5/24 09:15 PM,0,0,0,1.5,38,0.00%
9/5/24 09:30 PM,0,0,0,1.01,25.45,0.00%
9/5/24 09:45 PM,0,0,0,0.55,13.22,0.00%
9/5/24 10:00 PM,0,0,0,0.36,7.55,0.00%
9/5/24 10:15 PM,0,0,0,0.12,2.5,0.00%
9/5/24 10:30 PM,0,0,0,0,0,0.00%
9/5/24 10:45 PM,0,0,0,0,0,0.00%
9/6/24 04:00 PM,0,0,0,2.75,71.75,0.00%
9/6/24 04:15 PM,0,0,0,2.75,71.75,0.00%
9/6/24 04:30 PM,0,0,0,2.75,71.75,0.00%
9/6/24 04:45 PM,0,0,0,2.58,67.72,0.00%
9/6/24 05:00 PM,214,2,107,2.69,65.75,30.70%
9/6/24 05:15 PM,221,3,73.67,2.75,65.75,29.80%
9/6/24 05:30 PM,657,6,109.5,2.75,65.75,10.00%
9/6/24 05:45 PM,471,4,117.75,2.75,65.75,14.00%
9/6/24 06:00 PM,969,4,242.25,2.75,65.75,6.80%
9/6/24 06:15 PM,196,1,196,2.75,65.75,33.50%
9/6/24 06:30 PM,99,1,99,2.75,65.75,66.40%
9/6/24 06:45 PM,743,7,106.14,2.75,65.75,8.80%
9/6/24 07:00 PM,691,5,138.2,2.75,65.75,9.50%
9/6/24 07:15 PM,222,3,74,2.75,65.75,29.60%
9/6/24 07:30 PM,748,7,106.86,2.75,65.75,8.80%
9/6/24 07:45 PM,0,0,0,2.75,65.75,0.00%
9/6/24 08:00 PM,298,3,99.33,2.75,65.75,22.10%
9/6/24 08:15 PM,383,3,127.67,2.75,65.75,17.20%
9/6/24 08:30 PM,342.5,4,85.62,2.75,65.75,19.20%
9/6/24 08:45 PM,157,1,157,2.75,65.75,41.90%
9/6/24 09:00 PM,94,3,31.33,2.6,61.61,65.50%
9/6/24 09:15 PM,0,0,0,2.5,59,0.00%
9/6/24 09:30 PM,72,1,72,2.5,59,81.90%
9/6/24 09:45 PM,0,0,0,2.5,59,0.00%
9/6/24 10:00 PM,0,0,0,1.89,48.56,0.00%
9/6/24 10:15 PM,0,0,0,1.09,28.14,0.00%
9/6/24 10:30 PM,0,0,0,0.89,22.78,0.00%
9/6/24 10:45 PM,0,0,0,0.36,8.56,0.00%
9/7/24 04:00 PM,0,0,0,1.77,46.13,0.00%
9/7/24 04:15 PM,0,0,0,2.08,54.32,0.00%
9/7/24 04:30 PM,0,0,0,2.25,59.12,0.00%
9/7/24 04:45 PM,0,0,0,2.25,59.25,0.00%
9/7/24 05:00 PM,308,2,154,2.25,59.25,19.20%
9/7/24 05:15 PM,597,4,149.25,2.32,59.25,9.90%
9/7/24 05:30 PM,638,3,212.67,2.5,59.25,9.30%
9/7/24 05:45 PM,492,4,123,2.5,59.25,12.00%
9/7/24 06:00 PM,495,4,123.75,2.5,59.25,12.00%
9/7/24 06:15 PM,558,4,139.5,2.5,59.25,10.60%
9/7/24 06:30 PM,560.8,5,112.16,2.5,59.25,10.60%
9/7/24 06:45 PM,381,2,190.5,2.5,59.25,15.60%
9/7/24 07:00 PM,145,2,72.5,2.5,59.25,40.90%
9/7/24 07:15 PM,484.99,3,161.66,2.5,59.25,12.20%
9/7/24 07:30 PM,643,5,128.6,2.5,59.25,9.20%
9/7/24 07:45 PM,472,3,157.33,2.5,59.25,12.60%
9/7/24 08:00 PM,654,4,163.5,2.5,59.25,9.10%
9/7/24 08:15 PM,180,2,90,2.5,59.25,32.90%
9/7/24 08:30 PM,0,0,0,2.5,59.25,0.00%
9/7/24 08:45 PM,154,1,154,2.5,59.25,38.50%
9/7/24 09:00 PM,0,0,0,2.5,59.25,0.00%
9/7/24 09:15 PM,0,0,0,2.37,55.81,0.00%
9/7/24 09:30 PM,0,0,0,2.25,52.5,0.00%
9/7/24 09:45 PM,0,0,0,2.02,46.29,0.00%
9/7/24 10:00 PM,0,0,0,1.91,43.42,0.00%
9/7/24 10:15 PM,8.5,1,8.5,0.97,21.44,252.20%
9/7/24 10:30 PM,0,0,0,0.25,5.5,0.00%
9/7/24 10:45 PM,0,0,0,0.25,5.5,0.00%
9/8/24 04:00 PM,76,1,76,2.73,70.29,92.50%
9/8/24 04:15 PM,501,3,167,2.86,73.67,14.70%
9/8/24 04:30 PM,246,2,123,3,77.5,31.50%
9/8/24 04:45 PM,219,1,219,3,77.5,35.40%
9/8/24 05:00 PM,640,6,106.67,3.25,77.5,12.10%
9/8/24 05:15 PM,828,5,165.6,3.25,77.5,9.40%
9/8/24 05:30 PM,422.3,4,105.58,3.25,77.5,18.40%
9/8/24 05:45 PM,287,1,287,3.25,77.5,27.00%
9/8/24 06:00 PM,270,3,90,3.25,77.5,28.70%
9/8/24 06:15 PM,1077,7,153.86,3.25,77.5,7.20%
9/8/24 06:30 PM,285,2,142.5,3.25,77.5,27.20%
9/8/24 06:45 PM,246,2,123,3.25,77.5,31.50%
9/8/24 07:00 PM,649,5,129.8,3.25,77.5,11.90%
9/8/24 07:15 PM,252,1,252,3.25,77.5,30.80%
9/8/24 07:30 PM,252.3,2,126.15,3.25,77.5,30.70%
9/8/24 07:45 PM,557,5,111.4,3.25,77.5,13.90%
9/8/24 08:00 PM,207,3,69,3.25,77.5,37.40%
9/8/24 08:15 PM,163,1,163,3.25,77.5,47.50%
9/8/24 08:30 PM,487,1,487,3.2,76.16,15.60%
9/8/24 08:45 PM,26,1,26,3,70.75,272.10%
9/8/24 09:00 PM,0,0,0,3,70.75,0.00%
9/8/24 09:15 PM,0,0,0,3,70.75,0.00%
9/8/24 09:30 PM,0,0,0,3,70.75,0.00%
9/8/24 09:45 PM,0,0,0,2.84,66.3,0.00%
9/8/24 10:00 PM,0,0,0,2.48,56.68,0.00%
9/8/24 10:15 PM,0,0,0,1.4,28.83,0.00%
9/8/24 10:30 PM,0,0,0,0.83,14.35,0.00%
9/8/24 10:45 PM,0,0,0,0.5,5.5,0.00%
9/9/24 04:00 PM,0,0,0,0.5,11.75,0.00%
9/9/24 04:15 PM,0,0,0,0.5,11.75,0.00%
9/9/24 04:30 PM,0,0,0,0.5,11.75,0.00%
9/9/24 04:45 PM,0,0,0,0.44,10.18,0.00%
9/9/24 05:00 PM,0,0,0,0.06,1.2,0.00%
9/9/24 05:15 PM,0,0,0,0,0,0.00%
9/9/24 05:30 PM,0,0,0,0,0,0.00%
9/9/24 05:45 PM,0,0,0,0,0,0.00%
9/9/24 06:00 PM,0,0,0,0,0,0.00%
9/9/24 06:15 PM,0,0,0,0,0,0.00%
9/9/24 06:30 PM,0,0,0,0,0,0.00%
9/9/24 06:45 PM,0,0,0,0,0,0.00%
9/9/24 07:00 PM,0,0,0,0,0,0.00%
9/9/24 07:15 PM,0,0,0,0,0,0.00%
9/9/24 07:30 PM,0,0,0,0,0,0.00%
9/9/24 07:45 PM,0,0,0,0,0,0.00%
9/9/24 08:00 PM,0,0,0,0,0,0.00%
9/9/24 08:15 PM,0,0,0,0,0,0.00%
9/9/24 08:30 PM,0,0,0,0,0,0.00%
9/9/24 08:45 PM,0,0,0,0,0,0.00%
9/9/24 09:00 PM,0,0,0,0,0,0.00%
9/9/24 09:15 PM,0,0,0,0,0,0.00%
9/9/24 09:30 PM,0,0,0,0,0,0.00%
9/9/24 09:45 PM,0,0,0,0,0,0.00%
9/9/24 10:00 PM,0,0,0,0,0,0.00%
9/9/24 10:15 PM,0,0,0,0,0,0.00%
9/9/24 10:30 PM,0,0,0,0,0,0.00%
9/9/24 10:45 PM,0,0,0,0,0,0.00%
9/10/24 04:00 PM,0,0,0,1.75,37.25,0.00%
9/10/24 04:15 PM,0,0,0,1.88,40.65,0.00%
9/10/24 04:30 PM,0,0,0,1.92,42,0.00%
9/10/24 04:45 PM,0,0,0,1.82,39.89,0.00%
9/10/24 05:00 PM,106,1,106,2,44.75,42.20%
9/10/24 05:15 PM,189,2,94.5,2,44.75,23.70%
9/10/24 05:30 PM,0,0,0,2,44.75,0.00%
9/10/24 05:45 PM,37,1,37,2,44.75,120.90%
9/10/24 06:00 PM,93,1,93,2,44.75,48.10%
9/10/24 06:15 PM,397.6,5,79.52,2,44.75,11.30%
9/10/24 06:30 PM,381,2,190.5,2,44.75,11.70%
9/10/24 06:45 PM,720,5,144,2,44.75,6.20%
9/10/24 07:00 PM,130,1,130,2,44.75,34.40%
9/10/24 07:15 PM,120,1,120,2,44.75,37.30%
9/10/24 07:30 PM,430,3,143.33,2,44.75,10.40%
9/10/24 07:45 PM,205,2,102.5,2,44.75,21.80%
9/10/24 08:00 PM,0,0,0,2,44.75,0.00%
9/10/24 08:15 PM,83,1,83,2,44.75,53.90%
9/10/24 08:30 PM,0,0,0,2,44.75,0.00%
9/10/24 08:45 PM,0,0,0,2,44.75,0.00%
9/10/24 09:00 PM,0,0,0,2,44.75,0.00%
9/10/24 09:15 PM,0,0,0,2,44.75,0.00%
9/10/24 09:30 PM,13,1,13,2,44.75,344.20%
9/10/24 09:45 PM,0,0,0,1.95,43.39,0.00%
9/10/24 10:00 PM,0,0,0,0.84,14.3,0.00%
9/10/24 10:15 PM,0,0,0,0.65,9.96,0.00%
9/10/24 10:30 PM,0,0,0,0.43,4.87,0.00%
9/10/24 10:45 PM,0,0,0,0.25,0,0.00%
9/11/24 04:00 PM,0,0,0,2.25,51,0.00%
9/11/24 04:15 PM,0,0,0,2.25,51,0.00%
9/11/24 04:30 PM,0,0,0,2.25,51,0.00%
9/11/24 04:45 PM,0,0,0,2.49,57.47,0.00%
9/11/24 05:00 PM,92,1,92,2.5,57.75,62.80%
9/11/24 05:15 PM,0,0,0,2.5,57.75,0.00%
9/11/24 05:30 PM,0,0,0,2.5,57.75,0.00%
9/11/24 05:45 PM,649,2,324.5,2.5,57.75,8.90%
9/11/24 06:00 PM,108,1,108,2.48,57.33,53.10%
9/11/24 06:15 PM,136,2,68,2.25,52.5,38.60%
9/11/24 06:30 PM,396,5,79.2,2.25,52.5,13.30%
9/11/24 06:45 PM,717,4,179.25,2.25,52.5,7.30%
9/11/24 07:00 PM,531,4,132.75,2.25,52.5,9.90%
9/11/24 07:15 PM,0,0,0,2.25,52.5,0.00%
9/11/24 07:30 PM,315.1,2,157.55,2.25,52.5,16.70%
9/11/24 07:45 PM,289,1,289,2.25,52.5,18.20%
9/11/24 08:00 PM,0,1,0,2.25,52.5,0.00%
9/11/24 08:15 PM,0,0,0,2.25,52.5,0.00%
9/11/24 08:30 PM,0,0,0,2.25,52.5,0.00%
9/11/24 08:45 PM,0,0,0,2.25,52.5,0.00%
9/11/24 09:00 PM,0,0,0,2.25,52.5,0.00%
9/11/24 09:15 PM,0,0,0,2.25,52.5,0.00%
9/11/24 09:30 PM,0,0,0,1.78,39.69,0.00%
9/11/24 09:45 PM,0,0,0,1.08,20.98,0.00%
9/11/24 10:00 PM,0,0,0,0.7,11.02,0.00%
9/11/24 10:15 PM,0,0,0,0.28,0.78,0.00%
9/11/24 10:30 PM,0,0,0,0.25,0,0.00%
9/11/24 10:45 PM,0,0,0,0.25,0,0.00%
9/12/24 04:00 PM,0,0,0,2.43,56.02,0.00%
9/12/24 04:15 PM,0,0,0,2.53,58.81,0.00%
9/12/24 04:30 PM,0,0,0,2.96,70.35,0.00%
9/12/24 04:45 PM,0,0,0,3,71.5,0.00%
9/12/24 05:00 PM,210,1,210,2.82,66.59,31.70%
9/12/24 05:15 PM,62,1,62,2.75,64.5,104.00%
9/12/24 05:30 PM,354,2,177,2.75,64.5,18.20%
9/12/24 05:45 PM,0,0,0,2.75,64.5,0.00%
9/12/24 06:00 PM,241,2,120.5,2.74,64.29,26.70%
9/12/24 06:15 PM,719.3,7,102.76,2.5,59.25,8.20%
9/12/24 06:30 PM,502,3,167.33,2.5,59.25,11.80%
9/12/24 06:45 PM,128,1,128,2.5,59.25,46.30%
9/12/24 07:00 PM,247,3,82.33,2.5,59.25,24.00%
9/12/24 07:15 PM,263,3,87.67,2.5,59.25,22.50%
9/12/24 07:30 PM,212,2,106,2.5,59.25,27.90%
9/12/24 07:45 PM,301,2,150.5,2.5,59.25,19.70%
9/12/24 08:00 PM,5,1,5,2.5,59.25,1185.00%
9/12/24 08:15 PM,150,1,150,2.5,59.25,39.50%
9/12/24 08:30 PM,0,0,0,2.5,59.25,0.00%
9/12/24 08:45 PM,0,0,0,2.42,59.25,0.00%
9/12/24 09:00 PM,0,0,0,2.25,61.22,0.00%
9/12/24 09:15 PM,0,0,0,2.11,57.91,0.00%
9/12/24 09:30 PM,0,0,0,1.26,35.05,0.00%
9/12/24 09:45 PM,0,0,0,0.33,10.07,0.00%
9/12/24 10:00 PM,0,0,0,0.25,7.87,0.00%
9/12/24 10:15 PM,0,0,0,0.05,1.71,0.00%
9/12/24 10:30 PM,0,0,0,0,0,0.00%
9/12/24 10:45 PM,0,0,0,0,0,0.00%
9/13/24 04:00 PM,0,0,0,2.49,65.69,0.00%
9/13/24 04:15 PM,0,0,0,2.5,66,0.00%
9/13/24 04:30 PM,0,0,0,2.5,66,0.00%
9/13/24 04:45 PM,0,0,0,2.41,63.49,0.00%
9/13/24 05:00 PM,130.99,1,130.99,2.25,59,45.00%
9/13/24 05:15 PM,215,2,107.5,2.44,59,27.40%
9/13/24 05:30 PM,199,2,99.5,2.5,59,29.60%
9/13/24 05:45 PM,655,5,131,2.5,59,9.00%
9/13/24 06:00 PM,154,1,154,2.5,59,38.30%
9/13/24 06:15 PM,295,2,147.5,2.5,59,20.00%
9/13/24 06:30 PM,109,1,109,2.5,59,54.10%
9/13/24 06:45 PM,1029.5,6,171.58,2.5,59,5.70%
9/13/24 07:00 PM,227.4,2,113.7,2.5,59,25.90%
9/13/24 07:15 PM,792,5,158.4,2.5,59,7.40%
9/13/24 07:30 PM,243,2,121.5,2.5,59,24.30%
9/13/24 07:45 PM,419,4,104.75,2.5,59,14.10%
9/13/24 08:00 PM,948,5,189.6,2.5,59,6.20%
9/13/24 08:15 PM,111,2,55.5,2.5,59,53.20%
9/13/24 08:30 PM,196,1,196,2.5,59,30.10%
9/13/24 08:45 PM,517,3,172.33,2.5,59,11.40%
9/13/24 09:00 PM,0,0,0,2.5,59,0.00%
9/13/24 09:15 PM,0,0,0,2.5,59,0.00%
9/13/24 09:30 PM,0,0,0,2.36,55.32,0.00%
9/13/24 09:45 PM,0,0,0,2.03,46.32,0.00%
9/13/24 10:00 PM,0,0,0,2,45.5,0.00%
9/13/24 10:15 PM,0,0,0,1.97,44.71,0.00%
9/13/24 10:30 PM,0,0,0,1.54,33.64,0.00%
9/13/24 10:45 PM,0,0,0,1.29,26.8,0.00%
9/14/24 04:00 PM,0,0,0,2.5,59.25,0.00%
9/14/24 04:15 PM,0,0,0,2.71,64.88,0.00%
9/14/24 04:30 PM,0,0,0,3,72.65,0.00%
9/14/24 04:45 PM,0,0,0,3.25,79.5,0.00%
9/14/24 05:00 PM,278,3,92.67,3.25,79.5,28.60%
9/14/24 05:15 PM,611,5,122.2,3.25,79.5,13.00%
9/14/24 05:30 PM,1063,6,177.17,3.17,77.25,7.30%
9/14/24 05:45 PM,236,2,118,3,72.75,30.80%
9/14/24 06:00 PM,240,3,80,3,72.75,30.30%
9/14/24 06:15 PM,304,2,152,3,72.75,23.90%
9/14/24 06:30 PM,380,4,95,2.9,69.84,18.40%
9/14/24 06:45 PM,515,3,171.67,2.75,65.75,12.80%
9/14/24 07:00 PM,451.8,2,225.9,2.75,65.75,14.60%
9/14/24 07:15 PM,195,1,195,2.75,65.75,33.70%
9/14/24 07:30 PM,499,4,124.75,2.75,65.75,13.20%
9/14/24 07:45 PM,884.99,4,221.25,2.75,65.75,7.40%
9/14/24 08:00 PM,168,1,168,2.75,65.75,39.10%
9/14/24 08:15 PM,668,4,167,2.75,65.75,9.80%
9/14/24 08:30 PM,54,2,27,2.75,65.75,121.80%
9/14/24 08:45 PM,0,0,0,2.75,65.75,0.00%
9/14/24 09:00 PM,13,1,13,2.64,62.89,483.80%
9/14/24 09:15 PM,80,1,80,2.5,59,73.80%
9/14/24 09:30 PM,0,0,0,2.5,59,0.00%
9/14/24 09:45 PM,112,1,112,2.46,58.02,51.80%
9/14/24 10:00 PM,0,0,0,1.96,47.83,0.00%
9/14/24 10:15 PM,0,0,0,1.5,38.75,0.00%
9/14/24 10:30 PM,0,0,0,1.49,38.42,0.00%
9/14/24 10:45 PM,0,0,0,0.7,17.71,0.00%
9/15/24 04:00 PM,38,1,38,3,74,194.70%
9/15/24 04:15 PM,268.3,2,134.15,3,74,27.60%
9/15/24 04:30 PM,383,3,127.67,3,74,19.30%
9/15/24 04:45 PM,79.99,1,79.99,3,74,92.50%
9/15/24 05:00 PM,612,5,122.4,3,74,12.10%
9/15/24 05:15 PM,492,3,164,3,74,15.00%
9/15/24 05:30 PM,254,3,84.67,3,74,29.10%
9/15/24 05:45 PM,0,0,0,3,74,0.00%
9/15/24 06:00 PM,298,4,74.5,3,74,24.80%
9/15/24 06:15 PM,829,6,138.17,3,74,8.90%
9/15/24 06:30 PM,413.9,3,137.97,3,74,17.90%
9/15/24 06:45 PM,648.5,5,129.7,3.18,78.95,12.20%
9/15/24 07:00 PM,477,2,238.5,3.25,80.75,16.90%
9/15/24 07:15 PM,531.75,5,106.35,3.25,80.75,15.20%
9/15/24 07:30 PM,776.3,7,110.9,3.25,80.75,10.40%
9/15/24 07:45 PM,400,3,133.33,3.25,80.75,20.20%
9/15/24 08:00 PM,514,3,171.33,3.25,80.75,15.70%
9/15/24 08:15 PM,0,0,0,3.25,80.75,0.00%
9/15/24 08:30 PM,313,2,156.5,3.25,80.75,25.80%
9/15/24 08:45 PM,0,0,0,3.25,80.75,0.00%
9/15/24 09:00 PM,0,0,0,3.25,80.75,0.00%
9/15/24 09:15 PM,0,0,0,3.18,78.73,0.00%
9/15/24 09:30 PM,0,0,0,3,74,0.00%
9/15/24 09:45 PM,0,0,0,2.92,71.94,0.00%
9/15/24 10:00 PM,0,0,0,1.99,46.25,0.00%
9/15/24 10:15 PM,0,0,0,1.18,23.82,0.00%
9/15/24 10:30 PM,0,0,0,0.68,10.44,0.00%
9/15/24 10:45 PM,0,0,0,0.5,5.5,0.00%
9/16/24 04:00 PM,0,0,0,0.5,11.75,0.00%
9/16/24 04:15 PM,0,0,0,0.5,11.75,0.00%
9/16/24 04:30 PM,0,0,0,0.34,8.01,0.00%
9/16/24 04:45 PM,0,0,0,0,0,0.00%
9/16/24 05:00 PM,0,0,0,0,0,0.00%
9/16/24 05:15 PM,0,0,0,0,0,0.00%
9/16/24 05:30 PM,0,0,0,0,0,0.00%
9/16/24 05:45 PM,0,0,0,0,0,0.00%
9/16/24 06:00 PM,0,0,0,0,0,0.00%
9/16/24 06:15 PM,0,0,0,0,0,0.00%
9/16/24 06:30 PM,0,0,0,0,0,0.00%
9/16/24 06:45 PM,0,0,0,0,0,0.00%
9/16/24 07:00 PM,0,0,0,0,0,0.00%
9/16/24 07:15 PM,0,0,0,0,0,0.00%
9/16/24 07:30 PM,0,0,0,0,0,0.00%
9/16/24 07:45 PM,0,0,0,0,0,0.00%
9/16/24 08:00 PM,0,0,0,0,0,0.00%
9/16/24 08:15 PM,0,0,0,0,0,0.00%
9/16/24 08:30 PM,0,0,0,0,0,0.00%
9/16/24 08:45 PM,0,0,0,0,0,0.00%
9/16/24 09:00 PM,0,0,0,0,0,0.00%
9/16/24 09:15 PM,0,0,0,0,0,0.00%
9/16/24 09:30 PM,0,0,0,0,0,0.00%
9/16/24 09:45 PM,0,0,0,0,0,0.00%
9/16/24 10:00 PM,0,0,0,0,0,0.00%
9/16/24 10:15 PM,0,0,0,0,0,0.00%
9/16/24 10:30 PM,0,0,0,0,0,0.00%
9/16/24 10:45 PM,0,0,0,0,0,0.00%
9/17/24 04:00 PM,0,0,0,1.5,32.25,0.00%
9/17/24 04:15 PM,0,0,0,1.61,35.33,0.00%
9/17/24 04:30 PM,0,0,0,1.75,39,0.00%
9/17/24 04:45 PM,0,0,0,1.89,42.77,0.00%
9/17/24 05:00 PM,111,2,55.5,2.25,52.62,47.40%
9/17/24 05:15 PM,107,2,53.5,2.25,52.75,49.30%
9/17/24 05:30 PM,419,2,209.5,2.25,52.75,12.60%
9/17/24 05:45 PM,31,1,31,2.25,52.75,170.20%
9/17/24 06:00 PM,190,2,95,2.25,52.75,27.80%
9/17/24 06:15 PM,183,2,91.5,2.25,52.75,28.80%
9/17/24 06:30 PM,531,3,177,2.25,52.75,9.90%
9/17/24 06:45 PM,345,4,86.25,2.25,52.75,15.30%
9/17/24 07:00 PM,545,4,136.25,2.25,52.75,9.70%
9/17/24 07:15 PM,144,2,72,2.25,52.75,36.60%
9/17/24 07:30 PM,0,0,0,2.25,52.75,0.00%
9/17/24 07:45 PM,0,0,0,2.25,52.75,0.00%
9/17/24 08:00 PM,122,1,122,2.25,52.75,43.20%
9/17/24 08:15 PM,0,0,0,2.25,52.75,0.00%
9/17/24 08:30 PM,0,0,0,2.25,52.75,0.00%
9/17/24 08:45 PM,0,0,0,2.25,52.75,0.00%
9/17/24 09:00 PM,0,0,0,2.21,51.8,0.00%
9/17/24 09:15 PM,0,0,0,1.79,40.23,0.00%
9/17/24 09:30 PM,0,0,0,0.85,14.65,0.00%
9/17/24 09:45 PM,0,0,0,0.75,12,0.00%
9/17/24 10:00 PM,0,0,0,0.66,9.86,0.00%
9/17/24 10:15 PM,0,0,0,0.25,0,0.00%
9/17/24 10:30 PM,0,0,0,0.25,0,0.00%
9/17/24 10:45 PM,0,0,0,0.25,0,0.00%
9/18/24 04:00 PM,0,0,0,1.75,44.25,0.00%
9/18/24 04:15 PM,0,0,0,1.75,44.25,0.00%
9/18/24 04:30 PM,0,0,0,1.78,44.95,0.00%
9/18/24 04:45 PM,0,0,0,2,51,0.00%
9/18/24 05:00 PM,0,0,0,2.1,51,0.00%
9/18/24 05:15 PM,476,4,119,2.25,51,10.70%
9/18/24 05:30 PM,0,0,0,2.25,51,0.00%
9/18/24 05:45 PM,215,1,215,2.1,47.89,22.30%
9/18/24 06:00 PM,345,2,172.5,2,45.75,13.30%
9/18/24 06:15 PM,127.99,1,127.99,2,45.75,35.70%
9/18/24 06:30 PM,413,4,103.25,2,45.75,11.10%
9/18/24 06:45 PM,936,4,234,2,45.75,4.90%
9/18/24 07:00 PM,1023,4,255.75,2,45.75,4.50%
9/18/24 07:15 PM,267,2,133.5,2,45.75,17.10%
9/18/24 07:30 PM,139,1,139,2,45.75,32.90%
9/18/24 07:45 PM,315,2,157.5,2,45.75,14.50%
9/18/24 08:00 PM,0,0,0,2,45.75,0.00%
9/18/24 08:15 PM,287,1,287,2,45.75,15.90%
9/18/24 08:30 PM,0,0,0,2,45.75,0.00%
9/18/24 08:45 PM,0,0,0,2,45.75,0.00%
9/18/24 09:00 PM,0,0,0,2,45.75,0.00%
9/18/24 09:15 PM,0,0,0,2,45.75,0.00%
9/18/24 09:30 PM,0,0,0,2,45.75,0.00%
9/18/24 09:45 PM,0,0,0,1.91,43.32,0.00%
9/18/24 10:00 PM,0,0,0,1.5,32.25,0.00%
9/18/24 10:15 PM,0,0,0,0.95,17.32,0.00%
9/18/24 10:30 PM,0,0,0,0.71,11.24,0.00%
9/18/24 10:45 PM,0,0,0,0.29,1,0.00%
9/19/24 04:00 PM,0,0,0,2.11,54.07,0.00%
9/19/24 04:15 PM,0,0,0,2.33,59.78,0.00%
9/19/24 04:30 PM,0,0,0,2.75,71.25,0.00%
9/19/24 04:45 PM,0,0,0,2.56,66.01,0.00%
9/19/24 05:00 PM,0,0,0,2.5,64.25,0.00%
9/19/24 05:15 PM,0,0,0,2.5,64.25,0.00%
9/19/24 05:30 PM,88,1,88,2.5,64.25,73.00%
9/19/24 05:45 PM,116,1,116,2.5,64.25,55.40%
9/19/24 06:00 PM,341,3,113.67,2.65,62.42,18.30%
9/19/24 06:15 PM,224,2,112,2.5,59,26.30%
9/19/24 06:30 PM,249,3,83,2.5,59,23.70%
9/19/24 06:45 PM,782,4,195.5,2.5,59,7.50%
9/19/24 07:00 PM,305,3,101.67,2.5,59,19.30%
9/19/24 07:15 PM,317,2,158.5,2.5,59,18.60%
9/19/24 07:30 PM,343,1,343,2.5,59,17.20%
9/19/24 07:45 PM,511.5,5,102.3,2.5,59,11.50%
9/19/24 08:00 PM,375.9,3,125.3,2.5,59,15.70%
9/19/24 08:15 PM,119,1,119,2.5,59,49.60%
9/19/24 08:30 PM,0,0,0,2.5,59,0.00%
9/19/24 08:45 PM,0,0,0,2.5,59,0.00%
9/19/24 09:00 PM,0,0,0,2.5,59,0.00%
9/19/24 09:15 PM,0,0,0,2.5,59,0.00%
9/19/24 09:30 PM,0,0,0,2.45,57.68,0.00%
9/19/24 09:45 PM,0,0,0,1.78,40.83,0.00%
9/19/24 10:00 PM,0,0,0,1.25,28.13,0.00%
9/19/24 10:15 PM,0,0,0,0.64,15.24,0.00%
9/19/24 10:30 PM,0,0,0,0.23,6.15,0.00%
9/19/24 10:45 PM,0,0,0,0,0,0.00%
9/20/24 04:00 PM,0,0,0,2.28,60.1,0.00%
9/20/24 04:15 PM,0,0,0,2.65,70.05,0.00%
9/20/24 04:30 PM,0,0,0,2.75,72.75,0.00%
9/20/24 04:45 PM,0,0,0,2.78,73.57,0.00%
9/20/24 05:00 PM,533,3,177.67,2.8,74.52,14.00%
9/20/24 05:15 PM,641.8,3,213.93,2.75,73.25,11.40%
9/20/24 05:30 PM,1463,8,182.88,2.84,73.25,5.00%
9/20/24 05:45 PM,0,0,0,3,73.25,0.00%
9/20/24 06:00 PM,225,4,56.25,3,73.25,32.60%
9/20/24 06:15 PM,463,3,154.33,3,73.25,15.80%
9/20/24 06:30 PM,87,1,87,3,73.25,84.20%
9/20/24 06:45 PM,333,2,166.5,3,73.25,22.00%
9/20/24 07:00 PM,339.99,3,113.33,3,73.25,21.50%
9/20/24 07:15 PM,458,3,152.67,3,73.25,16.00%
9/20/24 07:30 PM,604,3,201.33,3,73.25,12.10%
9/20/24 07:45 PM,768,4,192,3,73.25,9.50%
9/20/24 08:00 PM,385.5,4,96.38,3,73.25,19.00%
9/20/24 08:15 PM,248,1,248,3,73.25,29.50%
9/20/24 08:30 PM,162,1,162,2.84,68.99,42.60%
9/20/24 08:45 PM,0,0,0,2.75,66.5,0.00%
9/20/24 09:00 PM,150,1,150,2.75,66.5,44.30%
9/20/24 09:15 PM,0,0,0,2.71,65.53,0.00%
9/20/24 09:30 PM,0,0,0,2.5,59.75,0.00%
9/20/24 09:45 PM,0,0,0,2.5,59.75,0.00%
9/20/24 10:00 PM,0,0,0,2.28,53.91,0.00%
9/20/24 10:15 PM,0,0,0,1.48,32.41,0.00%
9/20/24 10:30 PM,0,0,0,1.14,22.89,0.00%
9/20/24 10:45 PM,0,0,0,0.6,8.1,0.00%
9/21/24 04:00 PM,0,0,0,2.04,53.84,0.00%
9/21/24 04:15 PM,0,0,0,2.5,66.25,0.00%
9/21/24 04:30 PM,0,0,0,2.59,68.84,0.00%
9/21/24 04:45 PM,0,0,0,2.75,73.25,0.00%
9/21/24 05:00 PM,568,3,189.33,2.75,73.25,12.90%
9/21/24 05:15 PM,842.9,5,168.58,2.93,73.25,8.70%
9/21/24 05:30 PM,0,0,0,3,73.25,0.00%
9/21/24 05:45 PM,515,4,128.75,3,73.25,14.20%
9/21/24 06:00 PM,632,5,126.4,3,73.25,11.60%
9/21/24 06:15 PM,272,2,136,2.94,71.61,26.30%
9/21/24 06:30 PM,428,2,214,2.75,66.25,15.50%
9/21/24 06:45 PM,645.99,4,161.5,2.75,66.25,10.30%
9/21/24 07:00 PM,348,1,348,2.75,66.25,19.00%
9/21/24 07:15 PM,759,3,253,2.75,66.25,8.70%
9/21/24 07:30 PM,275,3,91.67,2.75,66.25,24.10%
9/21/24 07:45 PM,861,4,215.25,2.75,66.25,7.70%
9/21/24 08:00 PM,310,2,155,2.75,66.25,21.40%
9/21/24 08:15 PM,110,1,110,2.75,66.25,60.20%
9/21/24 08:30 PM,519,2,259.5,2.75,66.25,12.80%
9/21/24 08:45 PM,157,1,157,2.75,66.25,42.20%
9/21/24 09:00 PM,0,0,0,2.53,60.26,0.00%
9/21/24 09:15 PM,25,1,25,2.5,59.5,238.00%
9/21/24 09:30 PM,0,0,0,2.5,59.5,0.00%
9/21/24 09:45 PM,0,0,0,2.5,59.5,0.00%
9/21/24 10:00 PM,0,0,0,2.5,59.5,0.00%
9/21/24 10:15 PM,0,0,0,2.34,55.08,0.00%
9/21/24 10:30 PM,0,0,0,1.78,40.14,0.00%
9/21/24 10:45 PM,0,0,0,0.78,12.93,0.00%
9/22/24 04:00 PM,523,5,104.6,3,80.5,15.40%
9/22/24 04:15 PM,164.4,3,54.8,3.12,80.5,49.00%
9/22/24 04:30 PM,0,0,0,3.25,82.47,0.00%
9/22/24 04:45 PM,847,7,121,3.25,84,9.90%
9/22/24 05:00 PM,374,2,187,3.25,84,22.50%
9/22/24 05:15 PM,228,3,76,3.25,84,36.80%
9/22/24 05:30 PM,326,3,108.67,3.25,84,25.80%
9/22/24 05:45 PM,152,2,76,3.25,84,55.30%
9/22/24 06:00 PM,559,5,111.8,3.25,84,15.00%
9/22/24 06:15 PM,205,2,102.5,3.25,84,41.00%
9/22/24 06:30 PM,633,4,158.25,3.25,84,13.30%
9/22/24 06:45 PM,94,1,94,3.25,84,89.40%
9/22/24 07:00 PM,602,4,150.5,3.25,84,14.00%
9/22/24 07:15 PM,741,5,148.2,3.25,84,11.30%
9/22/24 07:30 PM,387,2,193.5,3.25,84,21.70%
9/22/24 07:45 PM,470.3,4,117.58,3.25,84,17.90%
9/22/24 08:00 PM,341,4,85.25,3.25,84,24.60%
9/22/24 08:15 PM,94,1,94,3.25,84,89.40%
9/22/24 08:30 PM,134,1,134,3.25,84,62.70%
9/22/24 08:45 PM,170,1,170,3.25,84,49.40%
9/22/24 09:00 PM,0,1,0,3.25,84,0.00%
9/22/24 09:15 PM,0,0,0,3.25,84,0.00%
9/22/24 09:30 PM,0,0,0,3.25,84,0.00%
9/22/24 09:45 PM,0,0,0,3.02,77.73,0.00%
9/22/24 10:00 PM,0,0,0,2.15,54.18,0.00%
9/22/24 10:15 PM,0,0,0,1.05,21.29,0.00%
9/22/24 10:30 PM,0,0,0,0.5,5.5,0.00%
9/22/24 10:45 PM,0,0,0,0.5,5.5,0.00%
9/23/24 04:00 PM,0,0,0,0.5,11.75,0.00%
9/23/24 04:15 PM,0,0,0,0.5,11.75,0.00%
9/23/24 04:30 PM,0,0,0,0.5,11.75,0.00%
9/23/24 04:45 PM,0,0,0,0.5,11.75,0.00%
9/23/24 05:00 PM,0,0,0,0.5,11.75,0.00%
9/23/24 05:15 PM,0,0,0,0.5,11.75,0.00%
9/23/24 05:30 PM,0,0,0,0.35,8.15,0.00%
9/23/24 05:45 PM,0,0,0,0,0,0.00%
9/23/24 06:00 PM,0,0,0,0,0,0.00%
9/23/24 06:15 PM,0,0,0,0,0,0.00%
9/23/24 06:30 PM,0,0,0,0,0,0.00%
9/23/24 06:45 PM,0,0,0,0,0,0.00%
9/23/24 07:00 PM,0,0,0,0,0,0.00%
9/23/24 07:15 PM,0,0,0,0,0,0.00%
9/23/24 07:30 PM,0,0,0,0,0,0.00%
9/23/24 07:45 PM,0,0,0,0,0,0.00%
9/23/24 08:00 PM,0,1,0,0,0,0.00%
9/23/24 08:15 PM,0,0,0,0,0,0.00%
9/23/24 08:30 PM,0,0,0,0,0,0.00%
9/23/24 08:45 PM,0,0,0,0,0,0.00%
9/23/24 09:00 PM,0,0,0,0,0,0.00%
9/23/24 09:15 PM,0,0,0,0,0,0.00%
9/23/24 09:30 PM,0,0,0,0,0,0.00%
9/23/24 09:45 PM,0,0,0,0,0,0.00%
9/23/24 10:00 PM,0,0,0,0,0,0.00%
9/23/24 10:15 PM,0,0,0,0,0,0.00%
9/23/24 10:30 PM,0,0,0,0,0,0.00%
9/23/24 10:45 PM,0,0,0,0,0,0.00%
9/24/24 04:00 PM,0,1,0,1.49,38.78,0.00%
9/24/24 04:15 PM,0,0,0,1.75,45.75,0.00%
9/24/24 04:30 PM,0,0,0,1.75,45.75,0.00%
9/24/24 04:45 PM,0,0,0,1.75,45.75,0.00%
9/24/24 05:00 PM,0,0,0,1.75,45.75,0.00%
9/24/24 05:15 PM,0,0,0,1.75,45.75,0.00%
9/24/24 05:30 PM,259,1,259,1.75,45.75,17.70%
9/24/24 05:45 PM,200,2,100,1.75,45.75,22.90%
9/24/24 06:00 PM,234,2,117,1.75,45.75,19.60%
9/24/24 06:15 PM,497,3,165.67,1.75,45.75,9.20%
9/24/24 06:30 PM,0,0,0,1.75,45.75,0.00%
9/24/24 06:45 PM,781.57,6,130.26,1.99,45.75,5.90%
9/24/24 07:00 PM,334,4,83.5,2,45.75,13.70%
9/24/24 07:15 PM,94,2,47,2,45.75,48.70%
9/24/24 07:30 PM,481,1,481,2,45.75,9.50%
9/24/24 07:45 PM,185,1,185,2,45.75,24.70%
9/24/24 08:00 PM,417,1,417,2,45.75,11.00%
9/24/24 08:15 PM,67,1,67,2,45.75,68.30%
9/24/24 08:30 PM,0,1,0,2,45.75,0.00%
9/24/24 08:45 PM,0,0,0,2,45.75,0.00%
9/24/24 09:00 PM,0,0,0,2,45.75,0.00%
9/24/24 09:15 PM,0,0,0,2,45.75,0.00%
9/24/24 09:30 PM,0,0,0,2,45.75,0.00%
9/24/24 09:45 PM,0,0,0,1.99,45.37,0.00%
9/24/24 10:00 PM,0,0,0,1.66,36.64,0.00%
9/24/24 10:15 PM,0,0,0,1.43,30.68,0.00%
9/24/24 10:30 PM,0,0,0,0.67,11.32,0.00%
9/24/24 10:45 PM,0,0,0,0.5,6.75,0.00%
9/25/24 04:00 PM,0,0,0,2.37,54.15,0.00%
9/25/24 04:15 PM,0,0,0,2.5,57.75,0.00%
9/25/24 04:30 PM,0,0,0,2.5,57.75,0.00%
9/25/24 04:45 PM,0,0,0,2.5,57.75,0.00%
9/25/24 05:00 PM,0,0,0,2.5,57.75,0.00%
9/25/24 05:15 PM,243,2,121.5,2.5,57.75,23.80%
9/25/24 05:30 PM,0,0,0,2.45,56.62,0.00%
9/25/24 05:45 PM,334,2,167,2.25,52.5,15.70%
9/25/24 06:00 PM,175,1,175,2.25,52.5,30.00%
9/25/24 06:15 PM,145,1,145,2.25,52.5,36.20%
9/25/24 06:30 PM,759,4,189.75,2.25,52.5,6.90%
9/25/24 06:45 PM,59,1,59,2.25,52.5,89.00%
9/25/24 07:00 PM,447,2,223.5,2.25,52.5,11.70%
9/25/24 07:15 PM,0,0,0,2.25,52.5,0.00%
9/25/24 07:30 PM,340.1,3,113.37,2.01,46.11,13.60%
9/25/24 07:45 PM,329,2,164.5,2,45.75,13.90%
9/25/24 08:00 PM,0,0,0,2,45.75,0.00%
9/25/24 08:15 PM,0,0,0,2,45.75,0.00%
9/25/24 08:30 PM,0,0,0,2,45.75,0.00%
9/25/24 08:45 PM,0,0,0,2,45.75,0.00%
9/25/24 09:00 PM,32,1,32,2,45.75,143.00%
9/25/24 09:15 PM,0,0,0,1.94,44.15,0.00%
9/25/24 09:30 PM,0,0,0,1.23,31.07,0.00%
9/25/24 09:45 PM,0,0,0,0.86,21.64,0.00%
9/25/24 10:00 PM,0,0,0,0.62,15.39,0.00%
9/25/24 10:15 PM,0,0,0,0.12,3.12,0.00%
9/25/24 10:30 PM,0,0,0,0,0,0.00%
9/25/24 10:45 PM,0,0,0,0,0,0.00%
9/26/24 04:00 PM,0,0,0,1.87,41.01,0.00%
9/26/24 04:15 PM,0,0,0,2.15,48.65,0.00%
9/26/24 04:30 PM,0,0,0,2.25,51.25,0.00%
9/26/24 04:45 PM,0,0,0,2.4,55.19,0.00%
9/26/24 05:00 PM,0,1,0,2.5,58,0.00%
9/26/24 05:15 PM,0,0,0,2.42,56.38,0.00%
9/26/24 05:30 PM,483,5,96.6,2.25,52.75,10.90%
9/26/24 05:45 PM,0,0,0,2.25,52.75,0.00%
9/26/24 06:00 PM,849,8,106.12,2.25,52.75,6.20%
9/26/24 06:15 PM,0,0,0,2.25,52.75,0.00%
9/26/24 06:30 PM,894,4,223.5,2.25,52.75,5.90%
9/26/24 06:45 PM,276,2,138,2.25,52.75,19.10%
9/26/24 07:00 PM,1266.1,9,140.68,2.25,52.75,4.20%
9/26/24 07:15 PM,0,0,0,2.25,52.75,0.00%
9/26/24 07:30 PM,173,2,86.5,2.25,52.75,30.50%
9/26/24 07:45 PM,161.9,2,80.95,2.25,52.75,32.60%
9/26/24 08:00 PM,61,1,61,2.25,52.75,86.50%
9/26/24 08:15 PM,412,3,137.33,2.25,52.75,12.80%
9/26/24 08:30 PM,12,1,12,2.25,53.47,445.60%
9/26/24 08:45 PM,0,0,0,2.25,55.38,0.00%
9/26/24 09:00 PM,0,0,0,2.25,55.38,0.00%
9/26/24 09:15 PM,0,0,0,2.25,55.38,0.00%
9/26/24 09:30 PM,0,0,0,1.9,45.97,0.00%
9/26/24 09:45 PM,0,0,0,1.57,38.06,0.00%
9/26/24 10:00 PM,0,0,0,0.78,22.24,0.00%
9/26/24 10:15 PM,0,0,0,0.5,14.63,0.00%
9/26/24 10:30 PM,0,0,0,0.25,7.39,0.00%
9/26/24 10:45 PM,0,0,0,0,0,0.00%
9/27/24 04:00 PM,400,1,400,2,52.15,13.00%
9/27/24 04:15 PM,0,0,0,2.25,59,0.00%
9/27/24 04:30 PM,0,0,0,2.25,59,0.00%
9/27/24 04:45 PM,26,1,26,2.25,59,226.90%
9/27/24 05:00 PM,774,3,258,2.08,54.53,7.00%
9/27/24 05:15 PM,155.3,2,77.65,2,52.5,33.80%
9/27/24 05:30 PM,458,3,152.67,2.22,52.5,11.50%
9/27/24 05:45 PM,882,6,147,2.25,52.5,6.00%
9/27/24 06:00 PM,639.3,3,213.1,2.25,52.5,8.20%
9/27/24 06:15 PM,110,1,110,2.25,52.5,47.70%
9/27/24 06:30 PM,612,4,153,2.25,52.5,8.60%
9/27/24 06:45 PM,149,2,74.5,2.25,52.5,35.20%
9/27/24 07:00 PM,337.5,2,168.75,2.25,52.5,15.60%
9/27/24 07:15 PM,605,4,151.25,2.25,52.5,8.70%
9/27/24 07:30 PM,1050,4,262.5,2.25,52.5,5.00%
9/27/24 07:45 PM,749.99,5,150,2.25,52.5,7.00%
9/27/24 08:00 PM,176,1,176,2.25,52.5,29.80%
9/27/24 08:15 PM,294,3,98,2.25,52.5,17.90%
9/27/24 08:30 PM,180.9,2,90.45,2.25,52.5,29.00%
9/27/24 08:45 PM,0,0,0,2.25,52.5,0.00%
9/27/24 09:00 PM,108,1,108,2.25,52.5,48.60%
9/27/24 09:15 PM,0,0,0,2.25,52.5,0.00%
9/27/24 09:30 PM,0,0,0,2.25,52.5,0.00%
9/27/24 09:45 PM,53.1,2,26.55,2.25,52.5,98.90%
9/27/24 10:00 PM,0,0,0,1.71,37.79,0.00%
9/27/24 10:15 PM,0,0,0,1.29,26.74,0.00%
9/27/24 10:30 PM,26,1,26,0.49,11.93,45.90%
9/27/24 10:45 PM,0,0,0,0.25,5.5,0.00%
9/28/24 04:00 PM,0,0,0,2.17,50.18,0.00%
9/28/24 04:15 PM,0,0,0,2.25,52.25,0.00%
9/28/24 04:30 PM,0,0,0,2.25,52.25,0.00%
9/28/24 04:45 PM,0,0,0,2.25,52.25,0.00%
9/28/24 05:00 PM,587.99,6,98,2.25,52.25,8.90%
9/28/24 05:15 PM,590,4,147.5,2.41,56.69,9.60%
9/28/24 05:30 PM,327,3,109,2.5,59,18.00%
9/28/24 05:45 PM,414,4,103.5,2.5,59,14.30%
9/28/24 06:00 PM,369.1,2,184.55,2.5,59,16.00%
9/28/24 06:15 PM,102,1,102,2.5,59,57.80%
9/28/24 06:30 PM,744,3,248,2.5,59,7.90%
9/28/24 06:45 PM,235,3,78.33,2.5,59,25.10%
9/28/24 07:00 PM,309.35,4,77.34,2.5,59,19.10%
9/28/24 07:15 PM,863,6,143.83,2.5,59,6.80%
9/28/24 07:30 PM,520.2,5,104.04,2.5,59,11.30%
9/28/24 07:45 PM,170,1,170,2.5,60.89,35.80%
9/28/24 08:00 PM,366,3,122,2.5,62.25,17.00%
9/28/24 08:15 PM,0,0,0,2.5,62.25,0.00%
9/28/24 08:30 PM,645,4,161.25,2.5,62.25,9.70%
9/28/24 08:45 PM,0,0,0,2.5,62.25,0.00%
9/28/24 09:00 PM,10.5,1,10.5,2.5,62.25,592.90%
9/28/24 09:15 PM,0,0,0,2.25,55.52,0.00%
9/28/24 09:30 PM,0,0,0,2.25,55.5,0.00%
9/28/24 09:45 PM,0,0,0,2.25,55.5,0.00%
9/28/24 10:00 PM,0,0,0,2.06,49.17,0.00%
9/28/24 10:15 PM,0,0,0,1.67,36.83,0.00%
9/28/24 10:30 PM,0,0,0,1.03,21.12,0.00%
9/28/24 10:45 PM,0,0,0,0.3,6.74,0.00%
9/29/24 04:00 PM,0,0,0,2.65,63.81,0.00%
9/29/24 04:15 PM,371,2,185.5,2.75,66.5,17.90%
9/29/24 04:30 PM,128,2,64,2.75,66.5,52.00%
9/29/24 04:45 PM,369,2,184.5,2.75,66.5,18.00%
9/29/24 05:00 PM,683.47,7,97.64,2.75,66.5,9.70%
9/29/24 05:15 PM,142,2,71,2.75,66.5,46.80%
9/29/24 05:30 PM,166,2,83,2.75,66.5,40.10%
9/29/24 05:45 PM,433,3,144.33,2.75,66.5,15.40%
9/29/24 06:00 PM,515,4,128.75,2.75,66.5,12.90%
9/29/24 06:15 PM,166,2,83,2.75,66.5,40.10%
9/29/24 06:30 PM,989,6,164.83,2.75,66.5,6.70%
9/29/24 06:45 PM,713,4,178.25,2.75,66.5,9.30%
9/29/24 07:00 PM,367,2,183.5,2.75,66.5,18.10%
9/29/24 07:15 PM,248.3,3,82.77,2.75,66.5,26.80%
9/29/24 07:30 PM,235,2,117.5,2.75,66.5,28.30%
9/29/24 07:45 PM,220,3,73.33,2.75,66.5,30.20%
9/29/24 08:00 PM,391,3,130.33,2.75,66.5,17.00%
9/29/24 08:15 PM,324,3,108,2.75,66.5,20.50%
9/29/24 08:30 PM,76,1,76,2.75,66.5,87.50%
9/29/24 08:45 PM,0,0,0,2.75,66.5,0.00%
9/29/24 09:00 PM,0,0,0,2.75,66.5,0.00%
9/29/24 09:15 PM,0,0,0,2.63,66.5,0.00%
9/29/24 09:30 PM,0,0,0,2.5,66.5,0.00%
9/29/24 09:45 PM,0,0,0,2.5,66.5,0.00%
9/29/24 10:00 PM,0,0,0,1.73,45.23,0.00%
9/29/24 10:15 PM,0,0,0,0.8,13.59,0.00%
9/29/24 10:30 PM,0,0,0,0.61,8.37,0.00%
9/29/24 10:45 PM,0,0,0,0.5,5.5,0.00%
9/30/24 04:00 PM,0,0,0,0.25,5.25,0.00%
9/30/24 04:15 PM,0,0,0,0.11,2.32,0.00%
9/30/24 04:30 PM,0,0,0,0,0,0.00%
9/30/24 04:45 PM,0,0,0,0,0,0.00%
9/30/24 05:00 PM,0,0,0,0,0,0.00%
9/30/24 05:15 PM,0,0,0,0,0,0.00%
9/30/24 05:30 PM,0,0,0,0,0,0.00%
9/30/24 05:45 PM,0,0,0,0,0,0.00%
9/30/24 06:00 PM,0,0,0,0,0,0.00%
9/30/24 06:15 PM,0,0,0,0,0,0.00%
9/30/24 06:30 PM,0,0,0,0,0,0.00%
9/30/24 06:45 PM,0,1,0,0,0,0.00%
9/30/24 07:00 PM,0,0,0,0,0,0.00%
9/30/24 07:15 PM,0,0,0,0,0,0.00%
9/30/24 07:30 PM,0,0,0,0,0,0.00%
9/30/24 07:45 PM,0,0,0,0,0,0.00%
9/30/24 08:00 PM,0,0,0,0,0,0.00%
9/30/24 08:15 PM,0,0,0,0,0,0.00%
9/30/24 08:30 PM,0,0,0,0,0,0.00%
9/30/24 08:45 PM,0,0,0,0,0,0.00%
9/30/24 09:00 PM,0,0,0,0,0,0.00%
9/30/24 09:15 PM,0,0,0,0,0,0.00%
9/30/24 09:30 PM,0,0,0,0,0,0.00%
9/30/24 09:45 PM,0,0,0,0,0,0.00%
9/30/24 10:00 PM,0,0,0,0,0,0.00%
9/30/24 10:15 PM,0,0,0,0,0,0.00%
9/30/24 10:30 PM,0,0,0,0,0,0.00%
9/30/24 10:45 PM,0,0,0,0,0,0.00%
10/1/24 04:00 PM,0,0,0,1.5,39,0.00%
10/1/24 04:15 PM,0,0,0,1.57,40.89,0.00%
10/1/24 04:30 PM,0,0,0,1.76,45.98,0.00%
10/1/24 04:45 PM,0,0,0,2,52.75,0.00%
10/1/24 05:00 PM,138,1,138,2,52.75,38.20%
10/1/24 05:15 PM,102,1,102,2,52.75,51.70%
10/1/24 05:30 PM,191,2,95.5,2.21,52.75,27.60%
10/1/24 05:45 PM,0,0,0,2.25,52.75,0.00%
10/1/24 06:00 PM,48,1,48,2.25,52.75,109.90%
10/1/24 06:15 PM,592,2,296,2.25,52.75,8.90%
10/1/24 06:30 PM,823.99,5,164.8,2.25,52.75,6.40%
10/1/24 06:45 PM,516.8,4,129.2,2.25,52.75,10.20%
10/1/24 07:00 PM,265,3,88.33,2.25,52.75,19.90%
10/1/24 07:15 PM,456,3,152,2.25,52.75,11.60%
10/1/24 07:30 PM,239,2,119.5,2.25,52.75,22.10%
10/1/24 07:45 PM,0,0,0,2.25,52.75,0.00%
10/1/24 08:00 PM,84,1,84,2.25,52.75,62.80%
10/1/24 08:15 PM,426,1,426,2.25,52.75,12.40%
10/1/24 08:30 PM,0,0,0,2.25,52.75,0.00%
10/1/24 08:45 PM,24,1,24,2.25,52.75,219.80%
10/1/24 09:00 PM,0,0,0,2.25,52.75,0.00%
10/1/24 09:15 PM,0,0,0,2.25,52.75,0.00%
10/1/24 09:30 PM,0,0,0,2.25,52.75,0.00%
10/1/24 09:45 PM,0,0,0,2.03,47.03,0.00%
10/1/24 10:00 PM,0,0,0,1.18,26.86,0.00%
10/1/24 10:15 PM,0,0,0,0.5,12,0.00%
10/1/24 10:30 PM,0,0,0,0.12,2.97,0.00%
10/1/24 10:45 PM,0,0,0,0,0,0.00%
10/2/24 04:00 PM,0,0,0,2.5,57.75,0.00%
10/2/24 04:15 PM,0,0,0,2.5,57.75,0.00%
10/2/24 04:30 PM,0,0,0,2.5,57.75,0.00%
10/2/24 04:45 PM,0,0,0,2.5,57.75,0.00%
10/2/24 05:00 PM,128.8,1,128.8,2.5,57.75,44.80%
10/2/24 05:15 PM,168,1,168,2.5,57.75,34.40%
10/2/24 05:30 PM,60,1,60,2.5,57.75,96.20%
10/2/24 05:45 PM,527,4,131.75,2.32,54.01,10.20%
10/2/24 06:00 PM,0,0,0,2.25,52.46,0.00%
10/2/24 06:15 PM,268,1,268,2,45.75,17.10%
10/2/24 06:30 PM,391,4,97.75,2,45.75,11.70%
10/2/24 06:45 PM,782,5,156.4,2,45.75,5.90%
10/2/24 07:00 PM,322,2,161,2,45.75,14.20%
10/2/24 07:15 PM,113,2,56.5,2,45.75,40.50%
10/2/24 07:30 PM,0,0,0,2,45.75,0.00%
10/2/24 07:45 PM,21,1,21,2,45.75,217.90%
10/2/24 08:00 PM,177,2,88.5,2,45.75,25.80%
10/2/24 08:15 PM,156,1,156,2,45.75,29.30%
10/2/24 08:30 PM,20,1,20,2,45.75,228.80%
10/2/24 08:45 PM,0,0,0,2,45.75,0.00%
10/2/24 09:00 PM,5.25,1,5.25,2,45.75,871.40%
10/2/24 09:15 PM,0,0,0,2,45.75,0.00%
10/2/24 09:30 PM,0,0,0,1.83,44.61,0.00%
10/2/24 09:45 PM,0,0,0,1.1,28.24,0.00%
10/2/24 10:00 PM,0,0,0,0.75,18.75,0.00%
10/2/24 10:15 PM,0,0,0,0.18,4.62,0.00%
10/2/24 10:30 PM,0,0,0,0,0,0.00%
10/2/24 10:45 PM,0,0,0,0,0,0.00%
10/3/24 04:00 PM,0,0,0,2.25,50.89,0.00%
10/3/24 04:15 PM,0,0,0,2.32,52.9,0.00%
10/3/24 04:30 PM,0,0,0,2.74,64.3,0.00%
10/3/24 04:45 PM,0,0,0,2.75,64.5,0.00%
10/3/24 05:00 PM,659,5,131.8,2.75,64.5,9.80%
10/3/24 05:15 PM,486,4,121.5,2.75,64.5,13.30%
10/3/24 05:30 PM,158,2,79,2.75,64.5,40.80%
10/3/24 05:45 PM,202,2,101,2.58,60.95,30.20%
10/3/24 06:00 PM,732.95,4,183.24,2.5,59.25,8.10%
10/3/24 06:15 PM,121.5,2,60.75,2.5,59.25,48.80%
10/3/24 06:30 PM,431,3,143.67,2.5,59.25,13.70%
10/3/24 06:45 PM,512,3,170.67,2.5,59.25,11.60%
10/3/24 07:00 PM,206,3,68.67,2.5,59.25,28.80%
10/3/24 07:15 PM,98,1,98,2.5,59.25,60.50%
10/3/24 07:30 PM,213,2,106.5,2.5,59.25,27.80%
10/3/24 07:45 PM,815,2,407.5,2.5,59.25,7.30%
10/3/24 08:00 PM,73,1,73,2.5,59.25,81.20%
10/3/24 08:15 PM,272,2,136,2.5,59.25,21.80%
10/3/24 08:30 PM,0,0,0,2.5,59.25,0.00%
10/3/24 08:45 PM,0,0,0,2.46,58.2,0.00%
10/3/24 09:00 PM,0,0,0,2.25,52.5,0.00%
10/3/24 09:15 PM,0,0,0,2.22,51.81,0.00%
10/3/24 09:30 PM,0,0,0,2,45.75,0.00%
10/3/24 09:45 PM,0,0,0,1.64,35.99,0.00%
10/3/24 10:00 PM,0,0,0,1.11,21.78,0.00%
10/3/24 10:15 PM,0,0,0,1,21.38,0.00%
10/3/24 10:30 PM,0,0,0,0.39,5.82,0.00%
10/3/24 10:45 PM,0,0,0,0,0,0.00%
10/4/24 04:00 PM,0,0,0,2.79,66.83,0.00%
10/4/24 04:15 PM,0,0,0,2.75,65.75,0.00%
10/4/24 04:30 PM,0,0,0,2.75,65.75,0.00%
10/4/24 04:45 PM,0,0,0,2.75,65.75,0.00%
10/4/24 05:00 PM,649,4,162.25,2.75,65.75,10.10%
10/4/24 05:15 PM,322,4,80.5,2.75,65.75,20.40%
10/4/24 05:30 PM,553,4,138.25,2.75,65.75,11.90%
10/4/24 05:45 PM,710,5,142,2.75,65.75,9.30%
10/4/24 06:00 PM,281,2,140.5,2.75,65.75,23.40%
10/4/24 06:15 PM,160,1,160,2.75,65.75,41.10%
10/4/24 06:30 PM,195,3,65,2.75,65.75,33.70%
10/4/24 06:45 PM,456.3,5,91.26,2.75,65.75,14.40%
10/4/24 07:00 PM,772,5,154.4,2.75,65.75,8.50%
10/4/24 07:15 PM,422,5,84.4,2.75,65.75,15.60%
10/4/24 07:30 PM,1014,6,169,2.75,65.75,6.50%
10/4/24 07:45 PM,447,2,223.5,2.75,65.75,14.70%
10/4/24 08:00 PM,717,4,179.25,2.75,65.75,9.20%
10/4/24 08:15 PM,170.4,2,85.2,2.75,65.75,38.60%
10/4/24 08:30 PM,616,4,154,2.75,65.75,10.70%
10/4/24 08:45 PM,116,1,116,2.75,65.75,56.70%
10/4/24 09:00 PM,0,0,0,2.75,65.75,0.00%
10/4/24 09:15 PM,0,0,0,2.54,60,0.00%
10/4/24 09:30 PM,0,0,0,2.15,49.55,0.00%
10/4/24 09:45 PM,23,1,23,2,45.5,197.80%
10/4/24 10:00 PM,22,1,22,2,45.5,206.80%
10/4/24 10:15 PM,0,0,0,2,45.5,0.00%
10/4/24 10:30 PM,0,0,0,1.42,30.15,0.00%
10/4/24 10:45 PM,0,0,0,0.75,12.25,0.00%
10/5/24 04:00 PM,0,0,0,2.65,63.54,0.00%
10/5/24 04:15 PM,0,0,0,3,72.75,0.00%
10/5/24 04:30 PM,0,0,0,3,72.75,0.00%
10/5/24 04:45 PM,0,0,0,3,72.75,0.00%
10/5/24 05:00 PM,0,0,0,3,72.75,0.00%
10/5/24 05:15 PM,372.99,3,124.33,3,72.75,19.50%
10/5/24 05:30 PM,183.4,2,91.7,3,72.75,39.70%
10/5/24 05:45 PM,476,3,158.67,3,72.75,15.30%
10/5/24 06:00 PM,123,1,123,2.99,72.53,59.00%
10/5/24 06:15 PM,186,1,186,2.75,66.25,35.60%
10/5/24 06:30 PM,298,1,298,2.58,61.75,20.70%
10/5/24 06:45 PM,709,4,177.25,2.5,59.5,8.40%
10/5/24 07:00 PM,291,3,97,2.5,59.5,20.40%
10/5/24 07:15 PM,554,4,138.5,2.5,59.5,10.70%
10/5/24 07:30 PM,544,5,108.8,2.5,59.5,10.90%
10/5/24 07:45 PM,364.5,4,91.12,2.5,59.5,16.30%
10/5/24 08:00 PM,61,1,61,2.5,59.5,97.50%
10/5/24 08:15 PM,416,5,83.2,2.5,59.5,14.30%
10/5/24 08:30 PM,68.1,1,68.1,2.5,59.5,87.40%
10/5/24 08:45 PM,0,0,0,2.5,59.5,0.00%
10/5/24 09:00 PM,54,1,54,2.5,59.5,110.20%
10/5/24 09:15 PM,0,0,0,2.5,59.5,0.00%
10/5/24 09:30 PM,0,0,0,2.5,59.5,0.00%
10/5/24 09:45 PM,0,0,0,2.26,53.12,0.00%
10/5/24 10:00 PM,0,0,0,1.87,42.47,0.00%
10/5/24 10:15 PM,0,0,0,1.25,25.73,0.00%
10/5/24 10:30 PM,0,0,0,1,19,0.00%
10/5/24 10:45 PM,0,0,0,0.82,14.32,0.00%
10/6/24 04:00 PM,81,1,81,2.5,63.25,78.10%
10/6/24 04:15 PM,0,0,0,2.5,63.25,0.00%
10/6/24 04:30 PM,221,3,73.67,2.5,63.25,28.60%
10/6/24 04:45 PM,41.99,1,41.99,2.5,63.25,150.60%
10/6/24 05:00 PM,341,3,113.67,2.5,63.25,18.50%
10/6/24 05:15 PM,271.99,3,90.66,2.5,63.25,23.30%
10/6/24 05:30 PM,233,2,116.5,2.74,63.25,27.10%
10/6/24 05:45 PM,372,3,124,2.75,63.25,17.00%
10/6/24 06:00 PM,309,3,103,2.75,63.25,20.50%
10/6/24 06:15 PM,478,4,119.5,2.75,63.25,13.20%
10/6/24 06:30 PM,425.79,5,85.16,2.75,63.25,14.90%
10/6/24 06:45 PM,248,2,124,2.75,63.25,25.50%
10/6/24 07:00 PM,218,2,109,2.75,63.25,29.00%
10/6/24 07:15 PM,628,5,125.6,2.75,63.25,10.10%
10/6/24 07:30 PM,329,3,109.67,2.75,63.25,19.20%
10/6/24 07:45 PM,515,5,103,2.75,63.25,12.30%
10/6/24 08:00 PM,149,1,149,2.75,63.25,42.40%
10/6/24 08:15 PM,0,0,0,2.75,63.25,0.00%
10/6/24 08:30 PM,115,2,57.5,2.75,64.49,56.10%
10/6/24 08:45 PM,0,0,0,2.75,66.63,0.00%
10/6/24 09:00 PM,0,0,0,2.63,66.63,0.00%
10/6/24 09:15 PM,0,0,0,2.5,66.63,0.00%
10/6/24 09:30 PM,0,0,0,2.5,66.63,0.00%
10/6/24 09:45 PM,0,0,0,1.44,36.71,0.00%
10/6/24 10:00 PM,0,0,0,0.74,13.11,0.00%
10/6/24 10:15 PM,0,0,0,0.47,5.5,0.00%
10/6/24 10:30 PM,0,0,0,0.25,5.5,0.00%
10/6/24 10:45 PM,0,0,0,0.16,3.45,0.00%
10/7/24 04:00 PM,0,0,0,0.75,17.75,0.00%
10/7/24 04:15 PM,0,0,0,0.75,17.75,0.00%
10/7/24 04:30 PM,0,0,0,0.75,17.75,0.00%
10/7/24 04:45 PM,0,0,0,0.54,12.31,0.00%
10/7/24 05:00 PM,0,0,0,0.37,8.57,0.00%
10/7/24 05:15 PM,0,0,0,0.25,6,0.00%
10/7/24 05:30 PM,0,0,0,0.25,6,0.00%
10/7/24 05:45 PM,0,0,0,0.25,6,0.00%
10/7/24 06:00 PM,0,0,0,0.25,6,0.00%
10/7/24 06:15 PM,0,0,0,0.25,6,0.00%
10/7/24 06:30 PM,0,0,0,0.25,6,0.00%
10/7/24 06:45 PM,0,0,0,0.25,6,0.00%
10/7/24 07:00 PM,0,0,0,0.25,6,0.00%
10/7/24 07:15 PM,0,0,0,0.25,6,0.00%
10/7/24 07:30 PM,0,0,0,0.25,6,0.00%
10/7/24 07:45 PM,0,0,0,0.25,6,0.00%
10/7/24 08:00 PM,0,0,0,0.25,6,0.00%
10/7/24 08:15 PM,0,0,0,0.25,6,0.00%
10/7/24 08:30 PM,0,0,0,0.25,6,0.00%
10/7/24 08:45 PM,0,0,0,0.25,6,0.00%
10/7/24 09:00 PM,0,0,0,0.25,6,0.00%
10/7/24 09:15 PM,0,0,0,0.25,6,0.00%
10/7/24 09:30 PM,0,0,0,0.25,6,0.00%
10/7/24 09:45 PM,0,0,0,0.25,6,0.00%
10/7/24 10:00 PM,0,0,0,0.25,6,0.00%
10/7/24 10:15 PM,0,0,0,0.25,6,0.00%
10/7/24 10:30 PM,0,0,0,0.25,6,0.00%
10/7/24 10:45 PM,0,0,0,0.25,6,0.00%
10/8/24 04:00 PM,0,0,0,1.86,48.48,0.00%
10/8/24 04:15 PM,0,0,0,2,52.25,0.00%
10/8/24 04:30 PM,0,0,0,2,52.25,0.00%
10/8/24 04:45 PM,0,0,0,2.16,56.73,0.00%
10/8/24 05:00 PM,229.99,1,229.99,2.25,59.25,25.80%
10/8/24 05:15 PM,154,1,154,2.25,59.25,38.50%
10/8/24 05:30 PM,0,0,0,2.25,59.25,0.00%
10/8/24 05:45 PM,122,1,122,2.25,59.25,48.60%
10/8/24 06:00 PM,325,4,81.25,2.25,59.25,18.20%
10/8/24 06:15 PM,451,4,112.75,2.25,59.25,13.10%
10/8/24 06:30 PM,635,6,105.83,2.26,59.25,9.30%
10/8/24 06:45 PM,130,1,130,2.5,59.25,45.60%
10/8/24 07:00 PM,705,4,176.25,2.5,59.25,8.40%
10/8/24 07:15 PM,0,0,0,2.5,59.25,0.00%
10/8/24 07:30 PM,108,1,108,2.5,59.25,54.90%
10/8/24 07:45 PM,0,0,0,2.5,59.25,0.00%
10/8/24 08:00 PM,32,1,32,2.5,59.25,185.20%
10/8/24 08:15 PM,0,0,0,2.5,59.25,0.00%
10/8/24 08:30 PM,0,0,0,2.5,59.25,0.00%
10/8/24 08:45 PM,0,0,0,2.34,55.06,0.00%
10/8/24 09:00 PM,0,0,0,2.11,49.02,0.00%
10/8/24 09:15 PM,0,0,0,1.13,28.11,0.00%
10/8/24 09:30 PM,0,0,0,0.5,12,0.00%
10/8/24 09:45 PM,0,0,0,0.48,11.65,0.00%
10/8/24 10:00 PM,0,0,0,0.25,6.75,0.00%
10/8/24 10:15 PM,0,0,0,0.05,1.29,0.00%
10/8/24 10:30 PM,0,0,0,0,0,0.00%
10/8/24 10:45 PM,0,0,0,0,0,0.00%
10/9/24 04:00 PM,0,0,0,2.02,44.76,0.00%
10/9/24 04:15 PM,0,0,0,2.25,51,0.00%
10/9/24 04:30 PM,0,0,0,2.25,51,0.00%
10/9/24 04:45 PM,0,0,0,2.25,51,0.00%
10/9/24 05:00 PM,214,3,71.33,2.25,51,23.80%
10/9/24 05:15 PM,104,1,104,2.02,46.14,44.40%
10/9/24 05:30 PM,0,0,0,2,45.75,0.00%
10/9/24 05:45 PM,282,2,141,2,45.75,16.20%
10/9/24 06:00 PM,414,3,138,2,45.75,11.10%
10/9/24 06:15 PM,229,1,229,2,45.75,20.00%
10/9/24 06:30 PM,290,2,145,2,45.75,15.80%
10/9/24 06:45 PM,0,0,0,2,45.75,0.00%
10/9/24 07:00 PM,134,2,67,2,45.75,34.10%
10/9/24 07:15 PM,576,3,192,2,45.75,7.90%
10/9/24 07:30 PM,919,5,183.8,2,45.75,5.00%
10/9/24 07:45 PM,88,1,88,2,45.75,52.00%
10/9/24 08:00 PM,95,1,95,2,45.75,48.20%
10/9/24 08:15 PM,84,1,84,2,45.75,54.50%
10/9/24 08:30 PM,0,0,0,2,45.75,0.00%
10/9/24 08:45 PM,0,0,0,2,45.75,0.00%
10/9/24 09:00 PM,0,0,0,2,45.75,0.00%
10/9/24 09:15 PM,0,0,0,2,45.75,0.00%
10/9/24 09:30 PM,0,0,0,1.88,42.64,0.00%
10/9/24 09:45 PM,0,0,0,1.5,32.25,0.00%
10/9/24 10:00 PM,0,0,0,1.5,32.25,0.00%
10/9/24 10:15 PM,0,0,0,1.25,25.88,0.00%
10/9/24 10:30 PM,0,0,0,0.53,7.63,0.00%
10/9/24 10:45 PM,0,0,0,0.29,1.16,0.00%
10/10/24 04:00 PM,0,0,0,2.24,50.44,0.00%
10/10/24 04:15 PM,0,0,0,2.33,53.03,0.00%
10/10/24 04:30 PM,0,0,0,2.67,62.07,0.00%
10/10/24 04:45 PM,0,0,0,2.75,64.25,0.00%
10/10/24 05:00 PM,0,0,0,2.75,64.25,0.00%
10/10/24 05:15 PM,231,2,115.5,2.56,60.22,26.10%
10/10/24 05:30 PM,225,2,112.5,2.5,59,26.20%
10/10/24 05:45 PM,478,3,159.33,2.5,59,12.30%
10/10/24 06:00 PM,0,0,0,2.5,59,0.00%
10/10/24 06:15 PM,489,3,163,2.31,53.9,11.00%
10/10/24 06:30 PM,428,3,142.67,2.25,52.25,12.20%
10/10/24 06:45 PM,96,1,96,2.25,52.25,54.40%
10/10/24 07:00 PM,603,5,120.6,2.25,52.25,8.70%
10/10/24 07:15 PM,385,4,96.25,2.25,52.25,13.60%
10/10/24 07:30 PM,7,1,7,2.25,52.25,746.40%
10/10/24 07:45 PM,582,4,145.5,2.25,52.25,9.00%
10/10/24 08:00 PM,277.5,4,69.38,2.25,52.25,18.80%
10/10/24 08:15 PM,27.5,2,13.75,2.25,52.25,190.00%
10/10/24 08:30 PM,0,0,0,2.25,52.25,0.00%
10/10/24 08:45 PM,0,0,0,2.25,52.25,0.00%
10/10/24 09:00 PM,0,0,0,2.15,49.57,0.00%
10/10/24 09:15 PM,0,0,0,2,45.5,0.00%
10/10/24 09:30 PM,0,0,0,1.7,37.34,0.00%
10/10/24 09:45 PM,0,0,0,0.76,12.96,0.00%
10/10/24 10:00 PM,0,0,0,0.51,8.17,0.00%
10/10/24 10:15 PM,0,0,0,0.36,3.37,0.00%
10/10/24 10:30 PM,0,0,0,0.25,0,0.00%
10/10/24 10:45 PM,0,0,0,0.25,0,0.00%
10/11/24 04:00 PM,0,0,0,2.69,65.82,0.00%
10/11/24 04:15 PM,0,0,0,2.5,61,0.00%
10/11/24 04:30 PM,0,0,0,2.5,61,0.00%
10/11/24 04:45 PM,0,0,0,2.63,64.5,0.00%
10/11/24 05:00 PM,1016,6,169.33,2.75,67.75,6.70%
10/11/24 05:15 PM,217,1,217,2.75,67.75,31.20%
10/11/24 05:30 PM,231,1,231,2.75,67.75,29.30%
10/11/24 05:45 PM,157,2,78.5,2.75,67.75,43.20%
10/11/24 06:00 PM,361,4,90.25,2.75,67.75,18.80%
10/11/24 06:15 PM,402,3,134,2.75,67.75,16.90%
10/11/24 06:30 PM,262,2,131,2.75,67.75,25.90%
10/11/24 06:45 PM,372,2,186,2.75,67.75,18.20%
10/11/24 07:00 PM,651,4,162.75,2.75,67.75,10.40%
10/11/24 07:15 PM,390,3,130,2.75,67.75,17.40%
10/11/24 07:30 PM,430,3,143.33,2.75,67.75,15.80%
10/11/24 07:45 PM,1178,5,235.6,2.75,67.75,5.80%
10/11/24 08:00 PM,400,3,133.33,2.75,67.75,16.90%
10/11/24 08:15 PM,0,0,0,2.75,67.75,0.00%
10/11/24 08:30 PM,219,2,109.5,2.75,67.75,30.90%
10/11/24 08:45 PM,0,0,0,2.75,67.75,0.00%
10/11/24 09:00 PM,0,0,0,2.75,67.75,0.00%
10/11/24 09:15 PM,12.5,1,12.5,2.52,61.62,493.00%
10/11/24 09:30 PM,0,0,0,2.5,61,0.00%
10/11/24 09:45 PM,0,0,0,2.5,61,0.00%
10/11/24 10:00 PM,0,0,0,2.5,61,0.00%
10/11/24 10:15 PM,0,0,0,1.64,37.84,0.00%
10/11/24 10:30 PM,0,0,0,1,20.75,0.00%
10/11/24 10:45 PM,0,0,0,0.92,17.92,0.00%
10/12/24 04:00 PM,0,0,0,2.39,55.92,0.00%
10/12/24 04:15 PM,0,0,0,2.5,59,0.00%
10/12/24 04:30 PM,0,0,0,2.75,65.74,0.00%
10/12/24 04:45 PM,0,0,0,2.75,65.75,0.00%
10/12/24 05:00 PM,658.4,5,131.68,2.75,65.75,10.00%
10/12/24 05:15 PM,1034,5,206.8,2.75,65.75,6.40%
10/12/24 05:30 PM,506,3,168.67,2.75,65.75,13.00%
10/12/24 05:45 PM,0,0,0,2.75,65.75,0.00%
10/12/24 06:00 PM,120,1,120,2.75,65.75,54.80%
10/12/24 06:15 PM,375,2,187.5,2.75,65.75,17.50%
10/12/24 06:30 PM,272,3,90.67,2.75,65.75,24.20%
10/12/24 06:45 PM,265.99,3,88.66,2.75,65.75,24.70%
10/12/24 07:00 PM,755,3,251.67,2.75,65.75,8.70%
10/12/24 07:15 PM,452,2,226,2.75,65.75,14.50%
10/12/24 07:30 PM,592,6,98.67,2.75,65.75,11.10%
10/12/24 07:45 PM,259,2,129.5,2.75,65.75,25.40%
10/12/24 08:00 PM,0,1,0,2.75,65.75,0.00%
10/12/24 08:15 PM,271.5,3,90.5,2.75,65.75,24.20%
10/12/24 08:30 PM,403,2,201.5,2.75,65.75,16.30%
10/12/24 08:45 PM,0,0,0,2.61,61.94,0.00%
10/12/24 09:00 PM,14,1,14,2.5,59,421.40%
10/12/24 09:15 PM,0,0,0,2.5,59,0.00%
10/12/24 09:30 PM,0,0,0,2.5,59,0.00%
10/12/24 09:45 PM,0,0,0,2.5,59,0.00%
10/12/24 10:00 PM,0,0,0,2.29,53.62,0.00%
10/12/24 10:15 PM,0,0,0,1.67,37.07,0.00%
10/12/24 10:30 PM,0,1,0,1.41,30.1,0.00%
10/12/24 10:45 PM,0,0,0,0.76,12.54,0.00%
10/13/24 04:00 PM,931.99,7,133.14,2.25,61.5,6.60%
10/13/24 04:15 PM,0,0,0,2.4,61.5,0.00%
10/13/24 04:30 PM,866,5,173.2,2.5,61.5,7.10%
10/13/24 04:45 PM,266,2,133,2.5,61.5,23.10%
10/13/24 05:00 PM,460,4,115,2.5,61.5,13.40%
10/13/24 05:15 PM,288,2,144,2.5,61.5,21.40%
10/13/24 05:30 PM,301,3,100.33,2.5,61.5,20.40%
10/13/24 05:45 PM,547,5,109.4,2.5,61.5,11.20%
10/13/24 06:00 PM,333.3,4,83.32,2.5,61.5,18.50%
10/13/24 06:15 PM,371,3,123.67,2.5,61.5,16.60%
10/13/24 06:30 PM,488,3,162.67,2.5,61.5,12.60%
10/13/24 06:45 PM,359.8,3,119.93,2.5,61.5,17.10%
10/13/24 07:00 PM,302.2,3,100.73,2.5,61.5,20.40%
10/13/24 07:15 PM,862,5,172.4,2.5,61.5,7.10%
10/13/24 07:30 PM,333,3,111,2.5,61.5,18.50%
10/13/24 07:45 PM,243,2,121.5,2.5,61.5,25.30%
10/13/24 08:00 PM,248,2,124,2.5,61.5,24.80%
10/13/24 08:15 PM,200,2,100,2.5,61.5,30.80%
10/13/24 08:30 PM,341,3,113.67,2.5,61.5,18.00%
10/13/24 08:45 PM,0,0,0,2.5,61.5,0.00%
10/13/24 09:00 PM,0,1,0,2.5,61.5,0.00%
10/13/24 09:15 PM,0,0,0,2.5,61.5,0.00%
10/13/24 09:30 PM,0,0,0,2.5,61.5,0.00%
10/13/24 09:45 PM,0,0,0,2.5,61.39,0.00%
10/13/24 10:00 PM,0,0,0,1.43,38.62,0.00%
10/13/24 10:15 PM,0,0,0,0.7,19.33,0.00%
10/13/24 10:30 PM,0,0,0,0.5,14,0.00%
10/13/24 10:45 PM,0,0,0,0.5,14,0.00%
10/14/24 04:00 PM,0,0,0,0.82,20.05,0.00%
10/14/24 04:15 PM,0,0,0,0.51,11.55,0.00%
10/14/24 04:30 PM,0,0,0,0.5,11.25,0.00%
10/14/24 04:45 PM,0,0,0,0.5,11.25,0.00%
10/14/24 05:00 PM,0,0,0,0.5,11.25,0.00%
10/14/24 05:15 PM,0,0,0,0.5,11.25,0.00%
10/14/24 05:30 PM,0,0,0,0.26,6.2,0.00%
10/14/24 05:45 PM,0,0,0,0.25,6,0.00%
10/14/24 06:00 PM,0,0,0,0.25,6,0.00%
10/14/24 06:15 PM,0,0,0,0.25,6,0.00%
10/14/24 06:30 PM,0,0,0,0.25,6,0.00%
10/14/24 06:45 PM,0,0,0,0.25,6,0.00%
10/14/24 07:00 PM,0,0,0,0.25,6,0.00%
10/14/24 07:15 PM,0,0,0,0.25,6,0.00%
10/14/24 07:30 PM,0,0,0,0.25,6,0.00%
10/14/24 07:45 PM,0,0,0,0.25,6,0.00%
10/14/24 08:00 PM,0,0,0,0.25,6,0.00%
10/14/24 08:15 PM,0,0,0,0.25,6,0.00%
10/14/24 08:30 PM,0,0,0,0.25,6,0.00%
10/14/24 08:45 PM,0,0,0,0.25,6,0.00%
10/14/24 09:00 PM,0,0,0,0.25,6,0.00%
10/14/24 09:15 PM,0,0,0,0.25,6,0.00%
10/14/24 09:30 PM,0,0,0,0.25,6,0.00%
10/14/24 09:45 PM,0,0,0,0.25,6,0.00%
10/14/24 10:00 PM,0,1,0,0.25,6,0.00%
10/14/24 10:15 PM,0,0,0,0.25,6,0.00%
10/14/24 10:30 PM,0,0,0,0.22,5.33,0.00%
10/14/24 10:45 PM,0,0,0,0,0,0.00%
10/15/24 04:00 PM,0,0,0,1.64,42.85,0.00%
10/15/24 04:15 PM,0,0,0,1.89,49.52,0.00%
10/15/24 04:30 PM,0,0,0,2,52.5,0.00%
10/15/24 04:45 PM,0,0,0,2.12,55.76,0.00%
10/15/24 05:00 PM,0,0,0,2.41,63.74,0.00%
10/15/24 05:15 PM,213,2,106.5,2.5,66.25,31.10%
10/15/24 05:30 PM,211,1,211,2.5,66.25,31.40%
10/15/24 05:45 PM,118,2,59,2.5,66.25,56.10%
10/15/24 06:00 PM,0,0,0,2.5,66.25,0.00%
10/15/24 06:15 PM,265.12,2,132.56,2.5,66.25,25.00%
10/15/24 06:30 PM,641,3,213.67,2.5,66.25,10.30%
10/15/24 06:45 PM,467,3,155.67,2.5,66.25,14.20%
10/15/24 07:00 PM,501,2,250.5,2.5,66.25,13.20%
10/15/24 07:15 PM,345,2,172.5,2.5,66.25,19.20%
10/15/24 07:30 PM,0,0,0,2.51,66.25,0.00%
10/15/24 07:45 PM,159.9,2,79.95,2.75,66.25,41.40%
10/15/24 08:00 PM,52,1,52,2.75,66.25,127.40%
10/15/24 08:15 PM,0,0,0,2.75,66.25,0.00%
10/15/24 08:30 PM,0,0,0,2.75,66.25,0.00%
10/15/24 08:45 PM,0,0,0,2.75,66.25,0.00%
10/15/24 09:00 PM,0,0,0,2.69,64.64,0.00%
10/15/24 09:15 PM,0,0,0,2.2,51.23,0.00%
10/15/24 09:30 PM,0,0,0,1.09,24.53,0.00%
10/15/24 09:45 PM,0,0,0,0.5,12,0.00%
10/15/24 10:00 PM,0,0,0,0.44,10.75,0.00%
10/15/24 10:15 PM,0,0,0,0.04,1.1,0.00%
10/15/24 10:30 PM,0,0,0,0,0,0.00%
10/15/24 10:45 PM,0,0,0,0,0,0.00%
10/16/24 04:00 PM,0,0,0,2.5,57.5,0.00%
10/16/24 04:15 PM,0,0,0,2.5,57.5,0.00%
10/16/24 04:30 PM,0,0,0,2.5,57.5,0.00%
10/16/24 04:45 PM,0,0,0,2.5,57.5,0.00%
10/16/24 05:00 PM,43,1,43,2.5,57.5,133.70%
10/16/24 05:15 PM,254,2,127,2.4,55.47,21.80%
10/16/24 05:30 PM,222.99,3,74.33,2.25,52.25,23.40%
10/16/24 05:45 PM,229,2,114.5,2.25,52.25,22.80%
10/16/24 06:00 PM,287.3,2,143.65,2.25,52.25,18.20%
10/16/24 06:15 PM,0,0,0,2.25,52.25,0.00%
10/16/24 06:30 PM,109,1,109,2.25,52.25,47.90%
10/16/24 06:45 PM,445,4,111.25,2.25,52.25,11.70%
10/16/24 07:00 PM,195,2,97.5,2.25,52.25,26.80%
10/16/24 07:15 PM,811,4,202.75,2.25,52.25,6.40%
10/16/24 07:30 PM,0,0,0,2.25,52.25,0.00%
10/16/24 07:45 PM,0,0,0,2.25,52.25,0.00%
10/16/24 08:00 PM,0,0,0,2.25,52.25,0.00%
10/16/24 08:15 PM,0,0,0,2.25,52.25,0.00%
10/16/24 08:30 PM,0,0,0,2.25,52.25,0.00%
10/16/24 08:45 PM,0,0,0,2.25,52.25,0.00%
10/16/24 09:00 PM,0,0,0,2.06,47.2,0.00%
10/16/24 09:15 PM,0,0,0,1.02,19.19,0.00%
10/16/24 09:30 PM,0,0,0,0.52,5.84,0.00%
10/16/24 09:45 PM,0,0,0,0.37,2.57,0.00%
10/16/24 10:00 PM,0,0,0,0.25,0,0.00%
10/16/24 10:15 PM,0,0,0,0.25,0,0.00%
10/16/24 10:30 PM,0,0,0,0.25,0,0.00%
10/16/24 10:45 PM,0,0,0,0.25,0,0.00%
10/17/24 04:00 PM,0,0,0,2.07,51.7,0.00%
10/17/24 04:15 PM,0,0,0,2.68,62.66,0.00%
10/17/24 04:30 PM,0,0,0,2.92,69.17,0.00%
10/17/24 04:45 PM,0,0,0,3,71.25,0.00%
10/17/24 05:00 PM,107,1,107,3,71.25,66.60%
10/17/24 05:15 PM,0,3,0,3,71.25,0.00%
10/17/24 05:30 PM,119,4,29.75,2.79,66.79,56.10%
10/17/24 05:45 PM,186,2,93,2.75,66,35.50%
10/17/24 06:00 PM,212,1,212,2.75,66,31.10%
10/17/24 06:15 PM,369,3,123,2.75,66,17.90%
10/17/24 06:30 PM,1632,4,408,2.75,66,4.00%
10/17/24 06:45 PM,285,2,142.5,2.75,66,23.20%
10/17/24 07:00 PM,456.99,4,114.25,2.75,66,14.40%
10/17/24 07:15 PM,408,2,204,2.75,66,16.20%
10/17/24 07:30 PM,598,4,149.5,2.75,66,11.00%
10/17/24 07:45 PM,139,1,139,2.75,66,47.50%
10/17/24 08:00 PM,70,1,70,2.75,66,94.30%
10/17/24 08:15 PM,214,2,107,2.75,66,30.80%
10/17/24 08:30 PM,39,1,39,2.75,66,169.20%
10/17/24 08:45 PM,0,0,0,2.74,65.81,0.00%
10/17/24 09:00 PM,25.2,1,25.2,2.5,59.25,235.10%
10/17/24 09:15 PM,0,1,0,2.5,59.25,0.00%
10/17/24 09:30 PM,0,1,0,2.49,61.05,0.00%
10/17/24 09:45 PM,0,0,0,1.65,40.94,0.00%
10/17/24 10:00 PM,0,0,0,0.63,18.08,0.00%
10/17/24 10:15 PM,0,0,0,0.5,14.63,0.00%
10/17/24 10:30 PM,0,0,0,0.2,5.95,0.00%
10/17/24 10:45 PM,0,0,0,0,0,0.00%
10/18/24 04:00 PM,0,0,0,2.28,54.05,0.00%
10/18/24 04:15 PM,0,0,0,2.5,60,0.00%
10/18/24 04:30 PM,0,0,0,2.68,64.77,0.00%
10/18/24 04:45 PM,0,0,0,2.75,66.75,0.00%
10/18/24 05:00 PM,307,3,102.33,2.75,66.75,21.70%
10/18/24 05:15 PM,118,1,118,2.75,66.75,56.60%
10/18/24 05:30 PM,620,4,155,2.75,66.75,10.80%
10/18/24 05:45 PM,364,2,182,2.75,66.75,18.30%
10/18/24 06:00 PM,296,3,98.67,2.75,66.75,22.60%
10/18/24 06:15 PM,560,5,112,2.75,66.75,11.90%
10/18/24 06:30 PM,1048.4,6,174.73,2.75,66.75,6.40%
10/18/24 06:45 PM,218,2,109,2.75,66.75,30.60%
10/18/24 07:00 PM,59,1,59,2.75,66.75,113.10%
10/18/24 07:15 PM,1193,3,397.67,2.75,66.75,5.60%
10/18/24 07:30 PM,314,2,157,2.75,66.75,21.30%
10/18/24 07:45 PM,596.99,5,119.4,2.75,66.75,11.20%
10/18/24 08:00 PM,501,3,167,2.75,66.75,13.30%
10/18/24 08:15 PM,120,1,120,2.75,66.75,55.60%
10/18/24 08:30 PM,0,0,0,2.74,66.39,0.00%
10/18/24 08:45 PM,115,2,57.5,2.46,59.04,51.30%
10/18/24 09:00 PM,0,0,0,2.25,53.25,0.00%
10/18/24 09:15 PM,0,0,0,2.25,53.25,0.00%
10/18/24 09:30 PM,0,0,0,2.07,48.38,0.00%
10/18/24 09:45 PM,0,0,0,2,46.5,0.00%
10/18/24 10:00 PM,0,0,0,2,46.5,0.00%
10/18/24 10:15 PM,0,0,0,1.49,36.13,0.00%
10/18/24 10:30 PM,0,0,0,0.68,17.13,0.00%
10/18/24 10:45 PM,0,0,0,0.25,5.5,0.00%
10/19/24 04:00 PM,0,0,0,2.5,62.65,0.00%
10/19/24 04:15 PM,0,0,0,2.72,69.22,0.00%
10/19/24 04:30 PM,0,0,0,3.02,77.43,0.00%
10/19/24 04:45 PM,0,0,0,3,71.25,0.00%
10/19/24 05:00 PM,747,6,124.5,3,71.25,9.50%
10/19/24 05:15 PM,116,1,116,3,71.25,61.40%
10/19/24 05:30 PM,285,2,142.5,3,71.25,25.00%
10/19/24 05:45 PM,716,3,238.67,3,71.25,10.00%
10/19/24 06:00 PM,235,2,117.5,3,71.25,30.30%
10/19/24 06:15 PM,969,5,193.8,3,71.25,7.40%
10/19/24 06:30 PM,397,3,132.33,3,71.25,17.90%
10/19/24 06:45 PM,125,1,125,3,71.25,57.00%
10/19/24 07:00 PM,1080.8,4,270.2,3,71.25,6.60%
10/19/24 07:15 PM,505,3,168.33,3,71.25,14.10%
10/19/24 07:30 PM,730,4,182.5,3,71.25,9.80%
10/19/24 07:45 PM,46,2,23,3,71.25,154.90%
10/19/24 08:00 PM,391,4,97.75,3,71.25,18.20%
10/19/24 08:15 PM,0,0,0,3,71.25,0.00%
10/19/24 08:30 PM,285,3,95,3,71.25,25.00%
10/19/24 08:45 PM,0,0,0,2.82,65.83,0.00%
10/19/24 09:00 PM,0,0,0,2.75,63.75,0.00%
10/19/24 09:15 PM,0,0,0,2.75,63.75,0.00%
10/19/24 09:30 PM,0,0,0,2.75,63.75,0.00%
10/19/24 09:45 PM,0,0,0,2.75,63.75,0.00%
10/19/24 10:00 PM,43,2,21.5,2.75,63.75,148.30%
10/19/24 10:15 PM,30,1,30,2.03,48.77,162.60%
10/19/24 10:30 PM,0,0,0,0.93,18.1,0.00%
10/19/24 10:45 PM,0,0,0,0.75,12.75,0.00%
10/20/24 04:00 PM,517,5,103.4,3.5,84.25,16.30%
10/20/24 04:15 PM,76,1,76,3.5,84.25,110.90%
10/20/24 04:30 PM,167,2,83.5,3.5,84.25,50.40%
10/20/24 04:45 PM,216.99,2,108.5,3.5,84.25,38.80%
10/20/24 05:00 PM,621.99,5,124.4,3.5,84.25,13.50%
10/20/24 05:15 PM,648,4,162,3.5,84.25,13.00%
10/20/24 05:30 PM,1296.2,8,162.02,3.5,84.25,6.50%
10/20/24 05:45 PM,391,5,78.2,3.5,84.25,21.50%
10/20/24 06:00 PM,200,2,100,3.5,84.25,42.10%
10/20/24 06:15 PM,527,3,175.67,3.5,84.25,16.00%
10/20/24 06:30 PM,383.99,5,76.8,3.5,84.25,21.90%
10/20/24 06:45 PM,396.4,4,99.1,3.5,84.25,21.30%
10/20/24 07:00 PM,53,2,26.5,3.5,84.25,159.00%
10/20/24 07:15 PM,773,5,154.6,3.5,84.25,10.90%
10/20/24 07:30 PM,83,1,83,3.5,84.25,101.50%
10/20/24 07:45 PM,1100,8,137.5,3.5,84.25,7.70%
10/20/24 08:00 PM,343,3,114.33,3.5,84.25,24.60%
10/20/24 08:15 PM,0,0,0,3.5,84.25,0.00%
10/20/24 08:30 PM,0,0,0,3.5,84.25,0.00%
10/20/24 08:45 PM,19,1,19,3.5,84.25,443.40%
10/20/24 09:00 PM,0,0,0,3.43,82.32,0.00%
10/20/24 09:15 PM,0,0,0,3.25,77,0.00%
10/20/24 09:30 PM,0,1,0,3.2,75.39,0.00%
10/20/24 09:45 PM,0,0,0,2.42,58.18,0.00%
10/20/24 10:00 PM,27,1,27,1.92,45.57,168.80%
10/20/24 10:15 PM,0,0,0,0.58,11.04,0.00%
10/20/24 10:30 PM,0,0,0,0.25,5.5,0.00%
10/20/24 10:45 PM,0,0,0,0.25,5.5,0.00%
10/21/24 04:00 PM,0,0,0,0.94,23.64,0.00%
10/21/24 04:15 PM,0,0,0,1,25,0.00%
10/21/24 04:30 PM,0,0,0,0.96,24.04,0.00%
10/21/24 04:45 PM,0,0,0,0.56,13.21,0.00%
10/21/24 05:00 PM,0,0,0,0.5,11.5,0.00%
10/21/24 05:15 PM,0,0,0,0.5,11.5,0.00%
10/21/24 05:30 PM,0,0,0,0.43,9.92,0.00%
10/21/24 05:45 PM,0,0,0,0.25,6,0.00%
10/21/24 06:00 PM,0,0,0,0.25,6,0.00%
10/21/24 06:15 PM,0,0,0,0.25,6,0.00%
10/21/24 06:30 PM,0,0,0,0.25,6,0.00%
10/21/24 06:45 PM,0,0,0,0.25,6,0.00%
10/21/24 07:00 PM,0,0,0,0.25,6,0.00%
10/21/24 07:15 PM,0,0,0,0.25,6,0.00%
10/21/24 07:30 PM,0,0,0,0.25,6,0.00%
10/21/24 07:45 PM,0,0,0,0.25,6,0.00%
10/21/24 08:00 PM,0,0,0,0.25,6,0.00%
10/21/24 08:15 PM,0,0,0,0.25,6,0.00%
10/21/24 08:30 PM,0,0,0,0.25,6,0.00%
10/21/24 08:45 PM,0,0,0,0.25,6,0.00%
10/21/24 09:00 PM,0,0,0,0.25,6,0.00%
10/21/24 09:15 PM,0,0,0,0.25,6,0.00%
10/21/24 09:30 PM,0,0,0,0.25,6,0.00%
10/21/24 09:45 PM,0,0,0,0.25,6,0.00%
10/21/24 10:00 PM,0,0,0,0.25,6,0.00%
10/21/24 10:15 PM,0,0,0,0.25,6,0.00%
10/21/24 10:30 PM,0,0,0,0.25,6,0.00%
10/21/24 10:45 PM,0,0,0,0.25,6,0.00%
10/22/24 04:00 PM,0,0,0,2,55,0.00%
10/22/24 04:15 PM,0,0,0,2,55,0.00%
10/22/24 04:30 PM,0,0,0,2,55,0.00%
10/22/24 04:45 PM,0,0,0,2,55,0.00%
10/22/24 05:00 PM,479,2,239.5,2,55,11.50%
10/22/24 05:15 PM,74,1,74,2,55,74.30%
10/22/24 05:30 PM,122,1,122,2,55,45.10%
10/22/24 05:45 PM,68.99,1,68.99,2,55,79.70%
10/22/24 06:00 PM,0,0,0,2,55,0.00%
10/22/24 06:15 PM,97,1,97,2,55,56.70%
10/22/24 06:30 PM,313,3,104.33,1.99,54.7,17.50%
10/22/24 06:45 PM,454,4,113.5,1.75,49,10.80%
10/22/24 07:00 PM,541,2,270.5,1.75,49,9.10%
10/22/24 07:15 PM,210,2,105,1.75,49,23.30%
10/22/24 07:30 PM,312,2,156,1.75,49,15.70%
10/22/24 07:45 PM,144,1,144,1.75,49,34.00%
10/22/24 08:00 PM,186,1,186,1.75,49,26.30%
10/22/24 08:15 PM,0,0,0,1.75,49,0.00%
10/22/24 08:30 PM,0,0,0,1.75,49,0.00%
10/22/24 08:45 PM,0,0,0,1.75,49,0.00%
10/22/24 09:00 PM,0,0,0,1.75,49,0.00%
10/22/24 09:15 PM,0,0,0,1.75,49,0.00%
10/22/24 09:30 PM,0,0,0,1.75,49,0.00%
10/22/24 09:45 PM,0,0,0,1.59,44.73,0.00%
10/22/24 10:00 PM,0,0,0,0.98,27.41,0.00%
10/22/24 10:15 PM,0,0,0,0.43,11.67,0.00%
10/22/24 10:30 PM,0,0,0,0.24,7.3,0.00%
10/22/24 10:45 PM,0,0,0,0,0,0.00%
10/23/24 04:00 PM,0,0,0,3,75.5,0.00%
10/23/24 04:15 PM,0,0,0,3,75.5,0.00%
10/23/24 04:30 PM,0,0,0,3,75.5,0.00%
10/23/24 04:45 PM,0,0,0,2.87,71.8,0.00%
10/23/24 05:00 PM,71,1,71,2.75,68.25,96.10%
10/23/24 05:15 PM,0,0,0,2.75,68.25,0.00%
10/23/24 05:30 PM,60,1,60,2.74,68.11,113.50%
10/23/24 05:45 PM,207,1,207,2.5,63,30.40%
10/23/24 06:00 PM,105.6,1,105.6,2.5,63,59.70%
10/23/24 06:15 PM,157,1,157,2.5,63,40.10%
10/23/24 06:30 PM,494,5,98.8,2.5,63,12.80%
10/23/24 06:45 PM,440,5,88,2.5,63,14.30%
10/23/24 07:00 PM,109,1,109,2.5,63,57.80%
10/23/24 07:15 PM,111,1,111,2.5,63,56.80%
10/23/24 07:30 PM,82.99,1,82.99,2.5,63,75.90%
10/23/24 07:45 PM,118,1,118,2.5,63,53.40%
10/23/24 08:00 PM,0,0,0,2.5,63,0.00%
10/23/24 08:15 PM,189,2,94.5,2.5,63,33.30%
10/23/24 08:30 PM,0,0,0,2.5,63,0.00%
10/23/24 08:45 PM,651.75,5,130.35,2.5,63,9.70%
10/23/24 09:00 PM,135,2,67.5,2.5,63,46.70%
10/23/24 09:15 PM,335,2,167.5,2.5,63,18.80%
10/23/24 09:30 PM,0,0,0,2.5,63,0.00%
10/23/24 09:45 PM,0,0,0,2.35,59.09,0.00%
10/23/24 10:00 PM,0,0,0,1.91,47.44,0.00%
10/23/24 10:15 PM,0,0,0,1.42,35.72,0.00%
10/23/24 10:30 PM,0,0,0,0.82,15.93,0.00%
10/23/24 10:45 PM,0,0,0,0.34,2.67,0.00%
10/24/24 04:00 PM,0,0,0,1.75,45.25,0.00%
10/24/24 04:15 PM,0,0,0,1.94,51.15,0.00%
10/24/24 04:30 PM,0,0,0,2,53.25,0.00%
10/24/24 04:45 PM,0,0,0,2,53.25,0.00%
10/24/24 05:00 PM,0,0,0,2,53.25,0.00%
10/24/24 05:15 PM,61,1,61,2,53.25,87.30%
10/24/24 05:30 PM,0,0,0,2,53.25,0.00%
10/24/24 05:45 PM,0,0,0,2,53.25,0.00%
10/24/24 06:00 PM,496,3,165.33,2,53.25,10.70%
10/24/24 06:15 PM,317,2,158.5,1.86,50.28,15.90%
10/24/24 06:30 PM,387,4,96.75,1.95,48,12.40%
10/24/24 06:45 PM,568.8,6,94.8,2,48,8.40%
10/24/24 07:00 PM,57.6,1,57.6,2,48,83.30%
10/24/24 07:15 PM,432,2,216,2,48,11.10%
10/24/24 07:30 PM,366,2,183,2,48,13.10%
10/24/24 07:45 PM,0,0,0,2,48,0.00%
10/24/24 08:00 PM,37.5,1,37.5,2,48.68,129.80%
10/24/24 08:15 PM,98,1,98,2,50.75,51.80%
10/24/24 08:30 PM,192,1,192,2,50.75,26.40%
10/24/24 08:45 PM,90,1,90,2,50.75,56.40%
10/24/24 09:00 PM,0,0,0,2,50.75,0.00%
10/24/24 09:15 PM,15,1,15,2,50.75,338.30%
10/24/24 09:30 PM,0,0,0,2,50.75,0.00%
10/24/24 09:45 PM,0,0,0,1.85,46.86,0.00%
10/24/24 10:00 PM,0,0,0,1.35,33.84,0.00%
10/24/24 10:15 PM,0,0,0,0.59,17.42,0.00%
10/24/24 10:30 PM,0,0,0,0.02,0.72,0.00%
10/24/24 10:45 PM,0,0,0,0,0,0.00%
10/25/24 04:00 PM,0,0,0,2.44,61.93,0.00%
10/25/24 04:15 PM,0,0,0,2.5,63.75,0.00%
10/25/24 04:30 PM,0,0,0,2.73,70.69,0.00%
10/25/24 04:45 PM,0,0,0,2.75,71.25,0.00%
10/25/24 05:00 PM,123,1,123,2.62,67.76,55.10%
10/25/24 05:15 PM,134,1,134,2.5,64.75,48.30%
10/25/24 05:30 PM,128,1,128,2.5,64.75,50.60%
10/25/24 05:45 PM,322,3,107.33,2.5,64.75,20.10%
10/25/24 06:00 PM,502.5,4,125.62,2.48,64.02,12.70%
10/25/24 06:15 PM,319,3,106.33,2.25,57.25,17.90%
10/25/24 06:30 PM,469,4,117.25,2.25,57.25,12.20%
10/25/24 06:45 PM,710,4,177.5,2.25,57.25,8.10%
10/25/24 07:00 PM,486,3,162,2.25,57.25,11.80%
10/25/24 07:15 PM,457,5,91.4,2.25,57.25,12.50%
10/25/24 07:30 PM,623,4,155.75,2.25,57.25,9.20%
10/25/24 07:45 PM,468,4,117,2.25,57.25,12.20%
10/25/24 08:00 PM,500,3,166.67,2.25,57.25,11.40%
10/25/24 08:15 PM,434,2,217,2.25,57.25,13.20%
10/25/24 08:30 PM,28,1,28,2.25,57.25,204.50%
10/25/24 08:45 PM,140,2,70,2.1,52.88,37.80%
10/25/24 09:00 PM,18.5,1,18.5,2,49.75,268.90%
10/25/24 09:15 PM,37.5,2,18.75,2,49.75,132.70%
10/25/24 09:30 PM,15,1,15,2,49.75,331.70%
10/25/24 09:45 PM,0,0,0,1.98,49.19,0.00%
10/25/24 10:00 PM,0,0,0,1.75,42.25,0.00%
10/25/24 10:15 PM,0,0,0,1.75,42.25,0.00%
10/25/24 10:30 PM,0,0,0,1.54,36.23,0.00%
10/25/24 10:45 PM,0,0,0,0.98,25.88,0.00%
10/26/24 04:00 PM,0,0,0,2.71,69.03,0.00%
10/26/24 04:15 PM,0,0,0,3,77.75,0.00%
10/26/24 04:30 PM,0,0,0,3,77.75,0.00%
10/26/24 04:45 PM,101,1,101,3,77.75,77.00%
10/26/24 05:00 PM,447.5,5,89.5,3.22,77.75,17.40%
10/26/24 05:15 PM,590,4,147.5,3.25,77.75,13.20%
10/26/24 05:30 PM,899,5,179.8,3.25,77.75,8.60%
10/26/24 05:45 PM,393.4,3,131.13,3.25,77.75,19.80%
10/26/24 06:00 PM,439,4,109.75,3.25,77.75,17.70%
10/26/24 06:15 PM,563,1,563,3.25,77.75,13.80%
10/26/24 06:30 PM,285,3,95,3.25,77.75,27.30%
10/26/24 06:45 PM,386,2,193,3.25,77.75,20.10%
10/26/24 07:00 PM,295,3,98.33,3.25,77.75,26.40%
10/26/24 07:15 PM,169,2,84.5,3.25,77.75,46.00%
10/26/24 07:30 PM,456,5,91.2,3.25,77.75,17.10%
10/26/24 07:45 PM,170,2,85,3.25,77.75,45.70%
10/26/24 08:00 PM,364,4,91,3.25,77.75,21.40%
10/26/24 08:15 PM,0,0,0,3.25,77.75,0.00%
10/26/24 08:30 PM,123,1,123,3.25,77.75,63.20%
10/26/24 08:45 PM,57,1,57,3.04,71.46,125.40%
10/26/24 09:00 PM,0,0,0,3,70.25,0.00%
10/26/24 09:15 PM,0,0,0,3,70.25,0.00%
10/26/24 09:30 PM,26,2,13,3,70.25,270.20%
10/26/24 09:45 PM,0,0,0,3,70.25,0.00%
10/26/24 10:00 PM,0,0,0,2.64,59.68,0.00%
10/26/24 10:15 PM,0,0,0,1.45,26.81,0.00%
10/26/24 10:30 PM,0,0,0,0.66,17.4,0.00%
10/26/24 10:45 PM,0,0,0,0.5,12.75,0.00%
10/27/24 04:00 PM,0,0,0,2.75,70.25,0.00%
10/27/24 04:15 PM,79.99,1,79.99,2.75,70.25,87.80%
10/27/24 04:30 PM,224,4,56,2.75,70.25,31.40%
10/27/24 04:45 PM,606,3,202,2.75,70.25,11.60%
10/27/24 05:00 PM,41.99,1,41.99,2.75,70.25,167.30%
10/27/24 05:15 PM,134.1,1,134.1,2.75,70.25,52.40%
10/27/24 05:30 PM,177,2,88.5,2.75,70.25,39.70%
10/27/24 05:45 PM,602.99,6,100.5,2.75,70.25,11.70%
10/27/24 06:00 PM,728.1,5,145.62,2.75,70.25,9.60%
10/27/24 06:15 PM,91,1,91,2.75,70.25,77.20%
10/27/24 06:30 PM,444,3,148,2.75,70.25,15.80%
10/27/24 06:45 PM,348,3,116,2.75,70.25,20.20%
10/27/24 07:00 PM,503,6,83.83,2.75,70.25,14.00%
10/27/24 07:15 PM,994.8,6,165.8,2.75,70.25,7.10%
10/27/24 07:30 PM,76,2,38,2.75,70.25,92.40%
10/27/24 07:45 PM,349,3,116.33,2.75,70.25,20.10%
10/27/24 08:00 PM,0,0,0,2.75,70.25,0.00%
10/27/24 08:15 PM,146,1,146,2.75,70.25,48.10%
10/27/24 08:30 PM,0,0,0,2.74,70.25,0.00%
10/27/24 08:45 PM,0,0,0,2.5,70.25,0.00%
10/27/24 09:00 PM,0,1,0,2.5,70.25,0.00%
10/27/24 09:15 PM,0,0,0,2.5,70.25,0.00%
10/27/24 09:30 PM,0,0,0,2.5,70.25,0.00%
10/27/24 09:45 PM,0,0,0,2.4,67.53,0.00%
10/27/24 10:00 PM,0,0,0,1.25,34.12,0.00%
10/27/24 10:15 PM,0,0,0,0.61,16.08,0.00%
10/27/24 10:30 PM,0,0,0,0.25,5.5,0.00%
10/27/24 10:45 PM,0,0,0,0.25,5.5,0.00%
10/28/24 04:00 PM,0,0,0,1,25,0.00%
10/28/24 04:15 PM,0,0,0,1,25,0.00%
10/28/24 04:30 PM,0,0,0,1,25,0.00%
10/28/24 04:45 PM,0,0,0,0.51,11.75,0.00%
10/28/24 05:00 PM,0,0,0,0.5,11.5,0.00%
10/28/24 05:15 PM,0,0,0,0.5,11.5,0.00%
10/28/24 05:30 PM,0,0,0,0.28,6.61,0.00%
10/28/24 05:45 PM,0,0,0,0.25,6,0.00%
10/28/24 06:00 PM,0,0,0,0.25,6,0.00%
10/28/24 06:15 PM,0,0,0,0.25,6,0.00%
10/28/24 06:30 PM,0,0,0,0.25,6,0.00%
10/28/24 06:45 PM,0,0,0,0.25,6,0.00%
10/28/24 07:00 PM,0,0,0,0.25,6,0.00%
10/28/24 07:15 PM,0,0,0,0.25,6,0.00%
10/28/24 07:30 PM,0,0,0,0.25,6,0.00%
10/28/24 07:45 PM,0,0,0,0.25,6,0.00%
10/28/24 08:00 PM,0,0,0,0.25,6,0.00%
10/28/24 08:15 PM,0,0,0,0.25,6,0.00%
10/28/24 08:30 PM,0,0,0,0.25,6,0.00%
10/28/24 08:45 PM,0,0,0,0.25,6,0.00%
10/28/24 09:00 PM,0,0,0,0.25,6,0.00%
10/28/24 09:15 PM,0,0,0,0.25,6,0.00%
10/28/24 09:30 PM,0,0,0,0.25,6,0.00%
10/28/24 09:45 PM,0,0,0,0.25,6,0.00%
10/28/24 10:00 PM,0,0,0,0.25,6,0.00%
10/28/24 10:15 PM,0,0,0,0.25,6,0.00%
10/28/24 10:30 PM,0,0,0,0.25,6,0.00%
10/28/24 10:45 PM,0,0,0,0.25,6,0.00%
10/29/24 04:00 PM,0,0,0,2.11,58.42,0.00%
10/29/24 04:15 PM,0,0,0,2.25,62.5,0.00%
10/29/24 04:30 PM,0,0,0,2.25,62.5,0.00%
10/29/24 04:45 PM,0,0,0,2.25,62.5,0.00%
10/29/24 05:00 PM,74,1,74,2.25,62.5,84.50%
10/29/24 05:15 PM,146,1,146,2.47,69.07,47.30%
10/29/24 05:30 PM,898,3,299.33,2.5,70,7.80%
10/29/24 05:45 PM,0,0,0,2.5,70,0.00%
10/29/24 06:00 PM,0,1,0,2.5,70,0.00%
10/29/24 06:15 PM,399,7,57,2.72,70,17.50%
10/29/24 06:30 PM,156,2,78,2.75,70,44.90%
10/29/24 06:45 PM,127,1,127,2.75,70,55.10%
10/29/24 07:00 PM,101,2,50.5,2.75,70,69.30%
10/29/24 07:15 PM,415,3,138.33,2.75,70,16.90%
10/29/24 07:30 PM,494,2,247,2.75,70,14.20%
10/29/24 07:45 PM,64.5,2,32.25,2.75,70,108.50%
10/29/24 08:00 PM,450,4,112.5,2.75,70,15.60%
10/29/24 08:15 PM,308,2,154,2.75,70,22.70%
10/29/24 08:30 PM,270,2,135,2.75,70,25.90%
10/29/24 08:45 PM,0,0,0,2.75,70,0.00%
10/29/24 09:00 PM,110,2,55,2.75,70,63.60%
10/29/24 09:15 PM,0,0,0,2.75,70,0.00%
10/29/24 09:30 PM,0,0,0,2.78,66.85,0.00%
10/29/24 09:45 PM,0,0,0,2.13,52.58,0.00%
10/29/24 10:00 PM,0,0,0,1.2,31.39,0.00%
10/29/24 10:15 PM,0,0,0,0.63,17,0.00%
10/29/24 10:30 PM,0,0,0,0.39,10.37,0.00%
10/29/24 10:45 PM,0,0,0,0,0,0.00%
10/30/24 04:00 PM,0,0,0,2.37,56.59,0.00%
10/30/24 04:15 PM,0,0,0,2.5,60.5,0.00%
10/30/24 04:30 PM,0,0,0,2.5,60.5,0.00%
10/30/24 04:45 PM,0,0,0,2.5,60.5,0.00%
10/30/24 05:00 PM,255.39,3,85.13,2.5,60.5,23.70%
10/30/24 05:15 PM,0,0,0,2.5,60.5,0.00%
10/30/24 05:30 PM,0,0,0,2.5,60.5,0.00%
10/30/24 05:45 PM,314,3,104.67,2.49,60.23,19.20%
10/30/24 06:00 PM,191,1,191,2.25,55.25,28.90%
10/30/24 06:15 PM,240,3,80,2.25,55.25,23.00%
10/30/24 06:30 PM,174,2,87,2.25,55.25,31.80%
10/30/24 06:45 PM,708.2,5,141.64,2.25,55.25,7.80%
10/30/24 07:00 PM,76,1,76,2.25,55.25,72.70%
10/30/24 07:15 PM,417,3,139,2.25,55.25,13.20%
10/30/24 07:30 PM,90,1,90,2.25,55.25,61.40%
10/30/24 07:45 PM,371,4,92.75,2.25,55.25,14.90%
10/30/24 08:00 PM,169,1,169,2.25,55.25,32.70%
10/30/24 08:15 PM,0,0,0,2.25,55.25,0.00%
10/30/24 08:30 PM,0,0,0,2.25,55.25,0.00%
10/30/24 08:45 PM,0,0,0,2.25,55.25,0.00%
10/30/24 09:00 PM,0,0,0,2.25,55.25,0.00%
10/30/24 09:15 PM,0,0,0,2.25,55.25,0.00%
10/30/24 09:30 PM,0,0,0,2.17,53.15,0.00%
10/30/24 09:45 PM,0,0,0,1.32,32.15,0.00%
10/30/24 10:00 PM,0,0,0,0.5,13,0.00%
10/30/24 10:15 PM,0,0,0,0.16,4.19,0.00%
10/30/24 10:30 PM,0,0,0,0,0,0.00%
10/30/24 10:45 PM,0,0,0,0,0,0.00%
10/31/24 04:00 PM,0,0,0,1.75,44.75,0.00%
10/31/24 04:15 PM,0,0,0,1.75,44.75,0.00%
10/31/24 04:30 PM,0,0,0,1.75,44.75,0.00%
10/31/24 04:45 PM,0,0,0,1.75,44.75,0.00%
10/31/24 05:00 PM,0,0,0,1.75,44.75,0.00%
10/31/24 05:15 PM,0,0,0,1.77,44.52,0.00%
10/31/24 05:30 PM,130.5,1,130.5,1.52,33.36,25.60%
10/31/24 05:45 PM,412.99,3,137.66,1.5,33,8.00%
10/31/24 06:00 PM,75,1,75,1.5,33,44.00%
10/31/24 06:15 PM,304,3,101.33,1.5,33,10.90%
10/31/24 06:30 PM,87,1,87,1.5,33,37.90%
10/31/24 06:45 PM,177,1,177,1.5,33,18.60%
10/31/24 07:00 PM,113,1,113,1.5,33,29.20%
10/31/24 07:15 PM,213,2,106.5,1.5,33,15.50%
10/31/24 07:30 PM,125,1,125,1.5,33,26.40%
10/31/24 07:45 PM,0,0,0,1.5,33,0.00%
10/31/24 08:00 PM,325,2,162.5,1.5,33,10.20%
10/31/24 08:15 PM,0,0,0,1.5,33,0.00%
10/31/24 08:30 PM,0,0,0,1.5,34.46,0.00%
10/31/24 08:45 PM,0,0,0,1.5,35.75,0.00%
10/31/24 09:00 PM,0,0,0,1.47,35.49,0.00%
10/31/24 09:15 PM,0,0,0,1,28.25,0.00%
10/31/24 09:30 PM,0,0,0,0.72,20.67,0.00%
10/31/24 09:45 PM,0,0,0,0.26,8.44,0.00%
10/31/24 10:00 PM,0,0,0,0.08,2.75,0.00%
10/31/24 10:15 PM,0,0,0,0,0,0.00%
10/31/24 10:30 PM,0,0,0,0,0,0.00%
10/31/24 10:45 PM,0,0,0,0,0,0.00%
11/1/24 04:00 PM,0,0,0,2.21,55.11,0.00%
11/1/24 04:15 PM,0,0,0,2.26,56.57,0.00%
11/1/24 04:30 PM,0,0,0,2.7,69.82,0.00%
11/1/24 04:45 PM,0,0,0,2.75,71.25,0.00%
11/1/24 05:00 PM,467,2,233.5,2.75,71.25,15.30%
11/1/24 05:15 PM,474,3,158,2.75,71.25,15.00%
11/1/24 05:30 PM,375,3,125,2.75,71.25,19.00%
11/1/24 05:45 PM,379,2,189.5,2.75,71.25,18.80%
11/1/24 06:00 PM,463,5,92.6,2.75,71.25,15.40%
11/1/24 06:15 PM,0,0,0,2.75,71.25,0.00%
11/1/24 06:30 PM,882,7,126,2.75,71.25,8.10%
11/1/24 06:45 PM,199,1,199,2.75,71.25,35.80%
11/1/24 07:00 PM,438.6,4,109.65,2.75,71.25,16.20%
11/1/24 07:15 PM,656,4,164,2.75,71.25,10.90%
11/1/24 07:30 PM,206,2,103,2.75,71.25,34.60%
11/1/24 07:45 PM,585,5,117,2.75,71.25,12.20%
11/1/24 08:00 PM,93,1,93,2.54,65.07,70.00%
11/1/24 08:15 PM,79,1,79,2.44,62.31,78.90%
11/1/24 08:30 PM,73.99,2,37,2.25,57.25,77.40%
11/1/24 08:45 PM,0,0,0,2.25,57.25,0.00%
11/1/24 09:00 PM,88,1,88,2.25,57.25,65.10%
11/1/24 09:15 PM,39.6,1,39.6,2.1,52.75,133.20%
11/1/24 09:30 PM,0,0,0,1.91,47.19,0.00%
11/1/24 09:45 PM,0,0,0,1.75,42.25,0.00%
11/1/24 10:00 PM,0,0,0,1.59,39.42,0.00%
11/1/24 10:15 PM,0,0,0,1,27.75,0.00%
11/1/24 10:30 PM,0,0,0,0.66,17.4,0.00%
11/1/24 10:45 PM,0,0,0,0.5,12.75,0.00%
11/2/24 04:00 PM,0,0,0,2.46,62.49,0.00%
11/2/24 04:15 PM,0,0,0,2.5,63.75,0.00%
11/2/24 04:30 PM,0,0,0,2.75,71.2,0.00%
11/2/24 04:45 PM,0,0,0,2.75,71.25,0.00%
11/2/24 05:00 PM,512,3,170.67,2.75,71.25,13.90%
11/2/24 05:15 PM,703,5,140.6,2.75,71.25,10.10%
11/2/24 05:30 PM,480,3,160,2.75,71.25,14.80%
11/2/24 05:45 PM,986,6,164.33,2.75,71.25,7.20%
11/2/24 06:00 PM,264,3,88,2.75,71.25,27.00%
11/2/24 06:15 PM,354,4,88.5,2.75,71.25,20.10%
11/2/24 06:30 PM,929.99,7,132.86,2.75,71.25,7.70%
11/2/24 06:45 PM,87,3,29,2.75,71.25,81.90%
11/2/24 07:00 PM,600,3,200,2.75,71.25,11.90%
11/2/24 07:15 PM,238,1,238,2.75,71.25,29.90%
11/2/24 07:30 PM,954,5,190.8,2.75,71.25,7.50%
11/2/24 07:45 PM,380.9,5,76.18,2.75,71.25,18.70%
11/2/24 08:00 PM,350.5,3,116.83,2.75,71.25,20.30%
11/2/24 08:15 PM,0,0,0,2.75,71.25,0.00%
11/2/24 08:30 PM,0,0,0,2.75,71.25,0.00%
11/2/24 08:45 PM,155,2,77.5,2.75,71.25,46.00%
11/2/24 09:00 PM,126,1,126,2.65,68.46,54.30%
11/2/24 09:15 PM,55,2,27.5,2.25,62.34,113.30%
11/2/24 09:30 PM,0,0,0,2,56.5,0.00%
11/2/24 09:45 PM,0,0,0,2,56.5,0.00%
11/2/24 10:00 PM,0,0,0,2,56.5,0.00%
11/2/24 10:15 PM,0,0,0,1.64,45.67,0.00%
11/2/24 10:30 PM,0,0,0,0.52,13.17,0.00%
11/2/24 10:45 PM,0,0,0,0.25,5.5,0.00%
11/3/24 02:00 PM,0,0,0,2.04,56.45,0.00%
11/3/24 02:15 PM,0,0,0,2.5,70.2,0.00%
11/3/24 02:30 PM,0,0,0,2.74,77.51,0.00%
11/3/24 02:45 PM,0,0,0,2.75,77.75,0.00%
11/3/24 03:00 PM,300,3,100,2.75,77.75,25.90%
11/3/24 03:15 PM,378,4,94.5,2.8,77.75,20.60%
11/3/24 03:30 PM,776.99,7,111,3,77.75,10.00%
11/3/24 03:45 PM,439,5,87.8,3,77.75,17.70%
11/3/24 04:00 PM,340,3,113.33,3,77.75,22.90%
11/3/24 04:15 PM,95,1,95,3,77.75,81.80%
11/3/24 04:30 PM,496.99,4,124.25,3,77.75,15.60%
11/3/24 04:45 PM,461.99,4,115.5,3,77.75,16.80%
11/3/24 05:00 PM,859,6,143.17,3,77.75,9.10%
11/3/24 05:15 PM,319,2,159.5,3,77.75,24.40%
11/3/24 05:30 PM,723,4,180.75,3,77.75,10.80%
11/3/24 05:45 PM,417,4,104.25,3,77.75,18.60%
11/3/24 06:00 PM,102,1,102,3,77.75,76.20%
11/3/24 06:15 PM,371,2,185.5,3,77.75,21.00%
11/3/24 06:30 PM,90,1,90,3,77.75,86.40%
11/3/24 06:45 PM,414,4,103.5,3,77.75,18.80%
11/3/24 07:00 PM,136.8,2,68.4,3,77.75,56.80%
11/3/24 07:15 PM,114,1,114,3,77.75,68.20%
11/3/24 07:30 PM,480,2,240,2.93,75.74,15.80%
11/3/24 07:45 PM,0,0,0,2.68,68.35,0.00%
11/3/24 08:00 PM,0,0,0,2.47,62.05,0.00%
11/3/24 08:15 PM,0,0,0,2.09,51.12,0.00%
11/3/24 08:30 PM,0,0,0,2,48.5,0.00%
11/3/24 08:45 PM,0,0,0,1.79,45.82,0.00%
11/4/24 03:00 PM,0,0,0,0.38,10.21,0.00%
11/4/24 03:15 PM,0,0,0,0,0,0.00%
11/4/24 03:30 PM,0,0,0,0,0,0.00%
11/4/24 03:45 PM,0,0,0,0,0,0.00%
11/4/24 04:00 PM,0,0,0,0,0,0.00%
11/4/24 04:15 PM,0,0,0,0,0,0.00%
11/4/24 04:30 PM,0,0,0,0,0,0.00%
11/4/24 04:45 PM,0,0,0,0,0,0.00%
11/4/24 05:00 PM,0,0,0,0,0,0.00%
11/4/24 05:15 PM,0,0,0,0,0,0.00%
11/4/24 05:30 PM,0,0,0,0,0,0.00%
11/4/24 05:45 PM,0,0,0,0,0,0.00%
11/4/24 06:00 PM,0,0,0,0,0,0.00%
11/4/24 06:15 PM,0,0,0,0,0,0.00%
11/4/24 06:30 PM,0,0,0,0,0,0.00%
11/4/24 06:45 PM,0,0,0,0,0,0.00%
11/4/24 07:00 PM,0,0,0,0,0,0.00%
11/4/24 07:15 PM,0,0,0,0,0,0.00%
11/4/24 07:30 PM,0,0,0,0,0,0.00%
11/4/24 07:45 PM,0,0,0,0,0,0.00%
11/4/24 08:00 PM,0,0,0,0,0,0.00%
11/4/24 08:15 PM,0,0,0,0,0,0.00%
11/4/24 08:30 PM,0,0,0,0,0,0.00%
11/4/24 08:45 PM,0,0,0,0,0,0.00%
11/4/24 09:00 PM,0,0,0,0,0,0.00%
11/4/24 09:15 PM,0,0,0,0,0,0.00%
11/4/24 09:30 PM,0,0,0,0,0,0.00%
11/4/24 09:45 PM,0,0,0,0,0,0.00%
11/5/24 03:00 PM,0,0,0,1.25,33,0.00%
11/5/24 03:15 PM,0,0,0,1.25,33,0.00%
11/5/24 03:30 PM,0,0,0,1.25,33,0.00%
11/5/24 03:45 PM,0,0,0,1.25,33,0.00%
11/5/24 04:00 PM,0,0,0,1.81,49.54,0.00%
11/5/24 04:15 PM,0,0,0,2,55,0.00%
11/5/24 04:30 PM,0,0,0,2,55,0.00%
11/5/24 04:45 PM,0,0,0,2,55,0.00%
11/5/24 05:00 PM,44.99,2,22.5,2,55,122.20%
11/5/24 05:15 PM,0,1,0,2,55,0.00%
11/5/24 05:30 PM,155,1,155,2,55,35.50%
11/5/24 05:45 PM,409,1,409,2,55,13.40%
11/5/24 06:00 PM,164.5,3,54.83,2,55,33.40%
11/5/24 06:15 PM,652.5,4,163.12,2,55,8.40%
11/5/24 06:30 PM,542.5,3,180.83,2.03,55,10.10%
11/5/24 06:45 PM,118,2,59,2.25,55,46.60%
11/5/24 07:00 PM,613.99,4,153.5,2.25,55,9.00%
11/5/24 07:15 PM,59.99,1,59.99,2.25,55,91.70%
11/5/24 07:30 PM,258.5,2,129.25,2.25,55,21.30%
11/5/24 07:45 PM,252,3,84,2.25,55,21.80%
11/5/24 08:00 PM,280,2,140,2.25,55,19.60%
11/5/24 08:15 PM,0,0,0,2.25,55,0.00%
11/5/24 08:30 PM,0,0,0,2.25,55,0.00%
11/5/24 08:45 PM,0,0,0,2.05,49.49,0.00%
11/5/24 09:00 PM,0,0,0,2,48,0.00%
11/5/24 09:15 PM,0,0,0,2,48,0.00%
11/5/24 09:30 PM,0,0,0,1.84,47.67,0.00%
11/5/24 09:45 PM,0,0,0,1.09,30.33,0.00%
11/6/24 03:00 PM,0,0,0,1.25,33.25,0.00%
11/6/24 03:15 PM,0,1,0,1.25,33.25,0.00%
11/6/24 03:30 PM,0,0,0,1.25,33.25,0.00%
11/6/24 03:45 PM,0,0,0,1.3,34.66,0.00%
11/6/24 04:00 PM,0,0,0,1.5,39.75,0.00%
11/6/24 04:15 PM,0,0,0,1.5,39.75,0.00%
11/6/24 04:30 PM,0,0,0,1.57,39.75,0.00%
11/6/24 04:45 PM,0,0,0,1.75,39.75,0.00%
11/6/24 05:00 PM,0,0,0,1.75,39.75,0.00%
11/6/24 05:15 PM,108,1,108,2,47.24,43.70%
11/6/24 05:30 PM,0,0,0,2,47.25,0.00%
11/6/24 05:45 PM,0,0,0,1.99,46.94,0.00%
11/6/24 06:00 PM,569,2,284.5,1.75,42,7.40%
11/6/24 06:15 PM,0,0,0,1.75,42,0.00%
11/6/24 06:30 PM,455,3,151.67,1.75,42,9.20%
11/6/24 06:45 PM,0,0,0,1.75,42,0.00%
11/6/24 07:00 PM,0,0,0,1.75,42,0.00%
11/6/24 07:15 PM,362,3,120.67,1.75,42,11.60%
11/6/24 07:30 PM,0,0,0,1.75,42,0.00%
11/6/24 07:45 PM,0,0,0,1.75,42,0.00%
11/6/24 08:00 PM,113,1,113,1.75,42,37.20%
11/6/24 08:15 PM,58,2,29,1.63,38.9,67.10%
11/6/24 08:30 PM,0,0,0,1.5,35.5,0.00%
11/6/24 08:45 PM,0,0,0,1.5,35.5,0.00%
11/6/24 09:00 PM,65,1,65,1.37,32.25,49.60%
11/6/24 09:15 PM,0,0,0,0.79,16.07,0.00%
11/6/24 09:30 PM,0,0,0,0.75,15,0.00%
11/6/24 09:45 PM,0,0,0,0.47,6.66,0.00%
11/7/24 03:00 PM,0,0,0,1.4,35.51,0.00%
11/7/24 03:15 PM,0,0,0,1.5,38.5,0.00%
11/7/24 03:30 PM,0,0,0,1.5,38.5,0.00%
11/7/24 03:45 PM,0,0,0,1.5,38.5,0.00%
11/7/24 04:00 PM,0,0,0,1.5,38.5,0.00%
11/7/24 04:15 PM,0,0,0,1.75,45.28,0.00%
11/7/24 04:30 PM,0,0,0,2,52.5,0.00%
11/7/24 04:45 PM,154,1,154,2,52.5,34.10%
11/7/24 05:00 PM,71,1,71,2,52.5,73.90%
11/7/24 05:15 PM,455.35,4,113.84,1.91,50.42,11.10%
11/7/24 05:30 PM,129,1,129,2,47.25,36.60%
11/7/24 05:45 PM,101,1,101,2,47.25,46.80%
11/7/24 06:00 PM,269,3,89.67,2,47.25,17.60%
11/7/24 06:15 PM,241,2,120.5,2,47.25,19.60%
11/7/24 06:30 PM,250,1,250,2,47.25,18.90%
11/7/24 06:45 PM,493,3,164.33,2,47.25,9.60%
11/7/24 07:00 PM,698.99,5,139.8,2,47.25,6.80%
11/7/24 07:15 PM,115,1,115,2,47.25,41.10%
11/7/24 07:30 PM,404,2,202,2,47.25,11.70%
11/7/24 07:45 PM,0,0,0,2,47.25,0.00%
11/7/24 08:00 PM,0,0,0,2,47.25,0.00%
11/7/24 08:15 PM,0,0,0,2,47.25,0.00%
11/7/24 08:30 PM,0,0,0,1.96,46.17,0.00%
11/7/24 08:45 PM,0,0,0,1.75,40,0.00%
11/7/24 09:00 PM,0,0,0,1.75,40,0.00%
11/7/24 09:15 PM,0,0,0,1.36,30.44,0.00%
11/7/24 09:30 PM,0,0,0,1,27,0.00%
11/7/24 09:45 PM,0,0,0,1,27,0.00%
11/8/24 03:00 PM,0,0,0,1.17,31.21,0.00%
11/8/24 03:15 PM,0,0,0,1.39,38.17,0.00%
11/8/24 03:30 PM,0,0,0,1.25,34.25,0.00%
11/8/24 03:45 PM,0,0,0,1.25,34.25,0.00%
11/8/24 04:00 PM,0,0,0,1.25,34.25,0.00%
11/8/24 04:15 PM,0,0,0,1.25,34.25,0.00%
11/8/24 04:30 PM,0,0,0,1.25,34.25,0.00%
11/8/24 04:45 PM,0,0,0,1.25,34.25,0.00%
11/8/24 05:00 PM,122,1,122,1.25,34.25,28.10%
11/8/24 05:15 PM,0,0,0,1.25,34.25,0.00%
11/8/24 05:30 PM,190.5,2,95.25,1.45,34.25,18.00%
11/8/24 05:45 PM,56,1,56,1.5,34.25,61.20%
11/8/24 06:00 PM,113,1,113,1.5,34.25,30.30%
11/8/24 06:15 PM,82,1,82,1.45,32.91,40.10%
11/8/24 06:30 PM,505,3,168.33,1.25,27.75,5.50%
11/8/24 06:45 PM,242,2,121,1.25,27.75,11.50%
11/8/24 07:00 PM,130,1,130,1.25,27.75,21.30%
11/8/24 07:15 PM,0,0,0,1.25,27.75,0.00%
11/8/24 07:30 PM,81,1,81,1.25,27.75,34.30%
11/8/24 07:45 PM,184,1,184,1.25,27.75,15.10%
11/8/24 08:00 PM,101,1,101,1.25,27.75,27.50%
11/8/24 08:15 PM,111,1,111,1.25,27.75,25.00%
11/8/24 08:30 PM,67,2,33.5,1.25,27.75,41.40%
11/8/24 08:45 PM,0,0,0,1.25,27.75,0.00%
11/8/24 09:00 PM,133,1,133,1.25,27.75,20.90%
11/8/24 09:15 PM,0,0,0,1.25,27.75,0.00%
11/8/24 09:30 PM,0,0,0,1.25,27.75,0.00%
11/8/24 09:45 PM,0,0,0,1.25,27.75,0.00%
11/9/24 03:00 PM,0,0,0,2.03,56.9,0.00%
11/9/24 03:15 PM,0,0,0,2.25,62.75,0.00%
11/9/24 03:30 PM,0,0,0,2.25,62.75,0.00%
11/9/24 03:45 PM,0,0,0,2.25,62.75,0.00%
11/9/24 04:00 PM,0,0,0,2.25,62.75,0.00%
11/9/24 04:15 PM,141,1,141,2.34,65.56,46.50%
11/9/24 04:30 PM,0,0,0,2.5,70.25,0.00%
11/9/24 04:45 PM,0,0,0,2.5,70.25,0.00%
11/9/24 05:00 PM,936,5,187.2,2.56,70.25,7.50%
11/9/24 05:15 PM,654,4,163.5,2.75,70.25,10.70%
11/9/24 05:30 PM,599,4,149.75,2.75,70.25,11.70%
11/9/24 05:45 PM,547.4,3,182.47,2.75,70.25,12.80%
11/9/24 06:00 PM,296,2,148,2.75,70.25,23.70%
11/9/24 06:15 PM,217,3,72.33,2.75,70.25,32.40%
11/9/24 06:30 PM,165,1,165,2.75,70.25,42.60%
11/9/24 06:45 PM,532,5,106.4,2.75,70.25,13.20%
11/9/24 07:00 PM,45,1,45,2.75,70.25,156.10%
11/9/24 07:15 PM,499,2,249.5,2.75,70.25,14.10%
11/9/24 07:30 PM,305,2,152.5,2.75,70.25,23.00%
11/9/24 07:45 PM,770,4,192.5,2.75,70.25,9.10%
11/9/24 08:00 PM,26,1,26,2.75,70.25,270.20%
11/9/24 08:15 PM,292,2,146,2.75,70.25,24.10%
11/9/24 08:30 PM,134,1,134,2.75,70.25,52.40%
11/9/24 08:45 PM,0,0,0,2.75,70.25,0.00%
11/9/24 09:00 PM,0,0,0,2.75,70.25,0.00%
11/9/24 09:15 PM,0,0,0,2.75,70.25,0.00%
11/9/24 09:30 PM,0,0,0,2.66,67.88,0.00%
11/9/24 09:45 PM,0,0,0,1.92,46.97,0.00%
11/10/24 03:00 PM,0,0,0,1.92,53.24,0.00%
11/10/24 03:15 PM,0,0,0,2,55.75,0.00%
11/10/24 03:30 PM,0,0,0,2,55.75,0.00%
11/10/24 03:45 PM,0,0,0,2,55.75,0.00%
11/10/24 04:00 PM,414,2,207,2,55.75,13.50%
11/10/24 04:15 PM,362,4,90.5,2,55.75,15.40%
11/10/24 04:30 PM,208,2,104,2.18,55.75,26.80%
11/10/24 04:45 PM,128,1,128,2.25,55.75,43.60%
11/10/24 05:00 PM,849.5,8,106.19,2.25,55.75,6.60%
11/10/24 05:15 PM,272,2,136,2.25,55.75,20.50%
11/10/24 05:30 PM,448.3,6,74.72,2.25,55.75,12.40%
11/10/24 05:45 PM,614.8,5,122.96,2.25,55.75,9.10%
11/10/24 06:00 PM,745.5,5,149.1,2.33,58.22,7.80%
11/10/24 06:15 PM,539,4,134.75,2.5,63.25,11.70%
11/10/24 06:30 PM,419,2,209.5,2.5,63.25,15.10%
11/10/24 06:45 PM,543,5,108.6,2.5,63.25,11.60%
11/10/24 07:00 PM,103.5,1,103.5,2.5,63.25,61.10%
11/10/24 07:15 PM,202,2,101,2.5,63.25,31.30%
11/10/24 07:30 PM,308,3,102.67,2.5,63.25,20.50%
11/10/24 07:45 PM,76,1,76,2.5,63.25,83.20%
11/10/24 08:00 PM,501,3,167,2.5,63.25,12.60%
11/10/24 08:15 PM,455,2,227.5,2.5,63.25,13.90%
11/10/24 08:30 PM,703,5,140.6,2.5,63.25,9.00%
11/10/24 08:45 PM,360,2,180,2.5,63.25,17.60%
11/10/24 09:00 PM,0,0,0,2.5,63.25,0.00%
11/10/24 09:15 PM,0,0,0,2.5,63.25,0.00%
11/10/24 09:30 PM,0,0,0,2.5,63.25,0.00%
11/10/24 09:45 PM,0,0,0,2.5,63.25,0.00%
11/11/24 03:00 PM,0,0,0,0.75,19,0.00%
11/11/24 03:15 PM,0,0,0,0.75,19,0.00%
11/11/24 03:30 PM,0,0,0,0.75,19,0.00%
11/11/24 03:45 PM,0,0,0,0.75,19,0.00%
11/11/24 04:00 PM,0,0,0,0.75,19,0.00%
11/11/24 04:15 PM,0,0,0,0.37,8.58,0.00%
11/11/24 04:30 PM,0,0,0,0.06,1.25,0.00%
11/11/24 04:45 PM,0,0,0,0.11,2.64,0.00%
11/11/24 05:00 PM,0,0,0,0.25,6,0.00%
11/11/24 05:15 PM,0,0,0,0.25,6,0.00%
11/11/24 05:30 PM,0,0,0,0.25,6,0.00%
11/11/24 05:45 PM,0,0,0,0.25,6,0.00%
11/11/24 06:00 PM,0,0,0,0.25,6,0.00%
11/11/24 06:15 PM,0,0,0,0.25,6,0.00%
11/11/24 06:30 PM,0,0,0,0.25,6,0.00%
11/11/24 06:45 PM,0,0,0,0.25,6,0.00%
11/11/24 07:00 PM,0,0,0,0.25,6,0.00%
11/11/24 07:15 PM,0,0,0,0.25,6,0.00%
11/11/24 07:30 PM,0,0,0,0.25,6,0.00%
11/11/24 07:45 PM,0,0,0,0.25,6,0.00%
11/11/24 08:00 PM,0,0,0,0.25,6,0.00%
11/11/24 08:15 PM,0,0,0,0.25,6,0.00%
11/11/24 08:30 PM,0,0,0,0.25,6,0.00%
11/11/24 08:45 PM,0,0,0,0.25,6,0.00%
11/11/24 09:00 PM,0,0,0,0.25,6,0.00%
11/11/24 09:15 PM,0,0,0,0.25,6,0.00%
11/11/24 09:30 PM,0,0,0,0.25,6,0.00%
11/11/24 09:45 PM,0,0,0,0.25,6,0.00%
11/12/24 03:00 PM,0,0,0,1.25,32.75,0.00%
11/12/24 03:15 PM,0,0,0,1.25,32.75,0.00%
11/12/24 03:30 PM,0,0,0,1.25,32.75,0.00%
11/12/24 03:45 PM,0,0,0,1.25,32.75,0.00%
11/12/24 04:00 PM,0,0,0,1.4,36.63,0.00%
11/12/24 04:15 PM,0,0,0,1.5,39.25,0.00%
11/12/24 04:30 PM,0,0,0,1.5,39.25,0.00%
11/12/24 04:45 PM,0,0,0,1.5,39.25,0.00%
11/12/24 05:00 PM,80,1,80,1.5,39.25,49.10%
11/12/24 05:15 PM,297,3,99,1.29,34.15,11.50%
11/12/24 05:30 PM,134,1,134,1.25,33.25,24.80%
11/12/24 05:45 PM,253,2,126.5,1.25,33.25,13.10%
11/12/24 06:00 PM,261,4,65.25,1.29,33.25,12.70%
11/12/24 06:15 PM,288,2,144,1.5,33.25,11.50%
11/12/24 06:30 PM,112,1,112,1.5,33.25,29.70%
11/12/24 06:45 PM,127,2,63.5,1.5,33.25,26.20%
11/12/24 07:00 PM,59,2,29.5,1.5,33.25,56.40%
11/12/24 07:15 PM,139,1,139,1.5,33.25,23.90%
11/12/24 07:30 PM,168,1,168,1.5,33.25,19.80%
11/12/24 07:45 PM,229,3,76.33,1.5,33.25,14.50%
11/12/24 08:00 PM,142,1,142,1.5,33.25,23.40%
11/12/24 08:15 PM,0,0,0,1.5,33.25,0.00%
11/12/24 08:30 PM,0,0,0,1.5,33.25,0.00%
11/12/24 08:45 PM,0,1,0,1.5,33.25,0.00%
11/12/24 09:00 PM,0,0,0,1.5,33.25,0.00%
11/12/24 09:15 PM,0,0,0,1.5,33.25,0.00%
11/12/24 09:30 PM,0,0,0,1.42,33.25,0.00%
11/12/24 09:45 PM,0,0,0,0.85,22.64,0.00%
11/13/24 03:00 PM,0,0,0,1.75,39,0.00%
11/13/24 03:15 PM,0,0,0,1.75,39,0.00%
11/13/24 03:30 PM,0,0,0,1.75,39,0.00%
11/13/24 03:45 PM,0,0,0,1.75,39,0.00%
11/13/24 04:00 PM,0,0,0,1.75,39,0.00%
11/13/24 04:15 PM,0,0,0,1.75,39,0.00%
11/13/24 04:30 PM,0,0,0,1.75,39,0.00%
11/13/24 04:45 PM,0,0,0,1.58,35.43,0.00%
11/13/24 05:00 PM,325.8,3,108.6,1.5,33.75,10.40%
11/13/24 05:15 PM,0,0,0,1.68,39.01,0.00%
11/13/24 05:30 PM,126,1,126,1.75,41.25,32.70%
11/13/24 05:45 PM,346,3,115.33,1.75,41.25,11.90%
11/13/24 06:00 PM,267,2,133.5,1.75,41.25,15.40%
11/13/24 06:15 PM,384,3,128,1.75,41.25,10.70%
11/13/24 06:30 PM,497,5,99.4,1.75,41.25,8.30%
11/13/24 06:45 PM,217,2,108.5,1.75,41.25,19.00%
11/13/24 07:00 PM,473,4,118.25,1.75,41.25,8.70%
11/13/24 07:15 PM,460,3,153.33,1.75,41.25,9.00%
11/13/24 07:30 PM,103,1,103,1.75,41.25,40.00%
11/13/24 07:45 PM,36,1,36,1.75,41.25,114.60%
11/13/24 08:00 PM,0,0,0,1.75,41.25,0.00%
11/13/24 08:15 PM,0,0,0,1.75,41.25,0.00%
11/13/24 08:30 PM,111,1,111,1.75,41.25,37.20%
11/13/24 08:45 PM,0,0,0,1.75,41.25,0.00%
11/13/24 09:00 PM,0,0,0,1.75,41.25,0.00%
11/13/24 09:15 PM,0,0,0,1.75,41.25,0.00%
11/13/24 09:30 PM,0,0,0,1.75,41.25,0.00%
11/13/24 09:45 PM,0,0,0,1.51,34.01,0.00%
11/14/24 03:00 PM,0,0,0,1.5,30.75,0.00%
11/14/24 03:15 PM,0,0,0,1.54,31.96,0.00%
11/14/24 03:30 PM,0,0,0,1.75,38.25,0.00%
11/14/24 03:45 PM,0,0,0,1.8,39.75,0.00%
11/14/24 04:00 PM,0,0,0,2.17,51.11,0.00%
11/14/24 04:15 PM,0,0,0,2,46.75,0.00%
11/14/24 04:30 PM,0,0,0,2.2,52.7,0.00%
11/14/24 04:45 PM,0,0,0,2.25,54.25,0.00%
11/14/24 05:00 PM,333,2,166.5,2.25,54.25,16.30%
11/14/24 05:15 PM,457,2,228.5,2.25,54.25,11.90%
11/14/24 05:30 PM,0,0,0,2.25,54.25,0.00%
11/14/24 05:45 PM,696,3,232,2.01,49.14,7.10%
11/14/24 06:00 PM,521,4,130.25,2,49,9.40%
11/14/24 06:15 PM,259,2,129.5,2,49,18.90%
11/14/24 06:30 PM,649,5,129.8,2,49,7.60%
11/14/24 06:45 PM,83,1,83,2,49,59.00%
11/14/24 07:00 PM,526,4,131.5,2,49,9.30%
11/14/24 07:15 PM,461,4,115.25,2,49,10.60%
11/14/24 07:30 PM,202,2,101,2,49,24.30%
11/14/24 07:45 PM,105,1,105,2,49,46.70%
11/14/24 08:00 PM,188,2,94,2,49,26.10%
11/14/24 08:15 PM,0,0,0,1.89,45.71,0.00%
11/14/24 08:30 PM,0,0,0,1.75,41.5,0.00%
11/14/24 08:45 PM,0,0,0,1.75,41.5,0.00%
11/14/24 09:00 PM,0,0,0,1.75,41.5,0.00%
11/14/24 09:15 PM,0,0,0,1.69,39.77,0.00%
11/14/24 09:30 PM,0,0,0,1.09,22.06,0.00%
11/14/24 09:45 PM,0,0,0,0.75,13,0.00%
11/15/24 03:00 PM,0,0,0,1.98,47.52,0.00%
11/15/24 03:15 PM,0,0,0,2.01,48.51,0.00%
11/15/24 03:30 PM,0,0,0,2.25,55.75,0.00%
11/15/24 03:45 PM,0,0,0,2.25,55.75,0.00%
11/15/24 04:00 PM,0,0,0,2.25,55.75,0.00%
11/15/24 04:15 PM,201,1,201,2.25,55.75,27.70%
11/15/24 04:30 PM,135,1,135,2.25,55.75,41.30%
11/15/24 04:45 PM,285,3,95,2.25,55.75,19.60%
11/15/24 05:00 PM,110,1,110,2.25,55.75,50.70%
11/15/24 05:15 PM,410,3,136.67,2.25,55.75,13.60%
11/15/24 05:30 PM,656,5,131.2,2.25,55.75,8.50%
11/15/24 05:45 PM,747,4,186.75,2.25,55.75,7.50%
11/15/24 06:00 PM,966,5,193.2,2.25,55.75,5.80%
11/15/24 06:15 PM,458,3,152.67,2.25,55.75,12.20%
11/15/24 06:30 PM,517,4,129.25,2.25,55.75,10.80%
11/15/24 06:45 PM,378.5,4,94.62,2.25,55.75,14.70%
11/15/24 07:00 PM,493,2,246.5,2.25,55.75,11.30%
11/15/24 07:15 PM,428.2,3,142.73,2.25,55.75,13.00%
11/15/24 07:30 PM,934,4,233.5,2.25,55.75,6.00%
11/15/24 07:45 PM,428,3,142.67,2.25,55.75,13.00%
11/15/24 08:00 PM,322,3,107.33,2.25,55.75,17.30%
11/15/24 08:15 PM,213,1,213,2.25,55.75,26.20%
11/15/24 08:30 PM,201,2,100.5,2.25,55.75,27.70%
11/15/24 08:45 PM,149,1,149,2.25,55.75,37.40%
11/15/24 09:00 PM,0,0,0,2.25,55.75,0.00%
11/15/24 09:15 PM,0,0,0,2.25,55.75,0.00%
11/15/24 09:30 PM,0,0,0,2.25,55.75,0.00%
11/15/24 09:45 PM,0,0,0,2.25,55.75,0.00%
11/16/24 03:00 PM,0,0,0,2.57,68.81,0.00%
11/16/24 03:15 PM,0,0,0,2.75,70.75,0.00%
11/16/24 03:30 PM,0,0,0,2.75,70.75,0.00%
11/16/24 03:45 PM,0,0,0,2.75,70.75,0.00%
11/16/24 04:00 PM,494,3,164.67,2.75,70.75,14.30%
11/16/24 04:15 PM,370,2,185,2.75,70.75,19.10%
11/16/24 04:30 PM,306,2,153,2.75,70.75,23.10%
11/16/24 04:45 PM,245,2,122.5,2.75,70.75,28.90%
11/16/24 05:00 PM,456,4,114,2.75,70.75,15.50%
11/16/24 05:15 PM,1063,5,212.6,2.75,70.75,6.70%
11/16/24 05:30 PM,333,4,83.25,2.6,66.42,19.90%
11/16/24 05:45 PM,419,4,104.75,2.5,63.75,15.20%
11/16/24 06:00 PM,436,4,109,2.5,63.75,14.60%
11/16/24 06:15 PM,340,2,170,2.5,63.75,18.80%
11/16/24 06:30 PM,666,3,222,2.5,63.75,9.60%
11/16/24 06:45 PM,249,3,83,2.5,63.75,25.60%
11/16/24 07:00 PM,472,4,118,2.5,63.75,13.50%
11/16/24 07:15 PM,221,3,73.67,2.5,63.75,28.80%
11/16/24 07:30 PM,680,5,136,2.5,63.75,9.40%
11/16/24 07:45 PM,675,2,337.5,2.5,63.75,9.40%
11/16/24 08:00 PM,868,3,289.33,2.5,63.75,7.30%
11/16/24 08:15 PM,232,2,116,2.5,63.75,27.50%
11/16/24 08:30 PM,257,1,257,2.5,63.75,24.80%
11/16/24 08:45 PM,205,1,205,2.5,63.75,31.10%
11/16/24 09:00 PM,0,1,0,2.5,63.75,0.00%
11/16/24 09:15 PM,10,1,10,2.5,63.75,637.50%
11/16/24 09:30 PM,0,0,0,2.5,63.75,0.00%
11/16/24 09:45 PM,0,0,0,2.48,63.75,0.00%
11/17/24 03:00 PM,13,1,13,2.89,72.98,561.40%
11/17/24 03:15 PM,0,0,0,3,76.25,0.00%
11/17/24 03:30 PM,0,0,0,3,76.25,0.00%
11/17/24 03:45 PM,0,0,0,3,76.25,0.00%
11/17/24 04:00 PM,272,2,136,3,76.25,28.00%
11/17/24 04:15 PM,246,1,246,3,76.25,31.00%
11/17/24 04:30 PM,230,3,76.67,3,76.25,33.20%
11/17/24 04:45 PM,642.99,6,107.16,3,76.25,11.90%
11/17/24 05:00 PM,411,4,102.75,3,76.25,18.60%
11/17/24 05:15 PM,433,5,86.6,3,76.25,17.60%
11/17/24 05:30 PM,250,3,83.33,3,76.25,30.50%
11/17/24 05:45 PM,616.01,3,205.34,3,76.25,12.40%
11/17/24 06:00 PM,501,4,125.25,3,76.25,15.20%
11/17/24 06:15 PM,490,3,163.33,3,76.25,15.60%
11/17/24 06:30 PM,571,4,142.75,3,76.69,13.40%
11/17/24 06:45 PM,183,2,91.5,3,80.17,43.80%
11/17/24 07:00 PM,475.6,4,118.9,3,83.62,17.60%
11/17/24 07:15 PM,158,1,158,3,83.62,52.90%
11/17/24 07:30 PM,750,6,125,3,83.62,11.10%
11/17/24 07:45 PM,174,1,174,3,83.62,48.10%
11/17/24 08:00 PM,869,5,173.8,3,83.62,9.60%
11/17/24 08:15 PM,306.2,4,76.55,3,83.62,27.30%
11/17/24 08:30 PM,121,1,121,3,83.62,69.10%
11/17/24 08:45 PM,0,0,0,3,83.62,0.00%
11/17/24 09:00 PM,0,0,0,3,83.62,0.00%
11/17/24 09:15 PM,0,0,0,3,83.62,0.00%
11/17/24 09:30 PM,0,0,0,3,83.62,0.00%
11/17/24 09:45 PM,0,0,0,2.92,81.44,0.00%
11/18/24 03:00 PM,0,0,0,0.5,13.5,0.00%
11/18/24 03:15 PM,0,0,0,0.5,13.5,0.00%
11/18/24 03:30 PM,0,0,0,0.63,16.57,0.00%
11/18/24 03:45 PM,0,0,0,0.75,19.5,0.00%
11/18/24 04:00 PM,0,0,0,0.55,14.1,0.00%
11/18/24 04:15 PM,0,0,0,0.25,6,0.00%
11/18/24 04:30 PM,0,0,0,0.25,6,0.00%
11/18/24 04:45 PM,0,0,0,0.25,6,0.00%
11/18/24 05:00 PM,0,0,0,0.25,6,0.00%
11/18/24 05:15 PM,0,0,0,0.25,6,0.00%
11/18/24 05:30 PM,0,0,0,0.25,6,0.00%
11/18/24 05:45 PM,0,0,0,0.25,6,0.00%
11/18/24 06:00 PM,0,0,0,0.25,6,0.00%
11/18/24 06:15 PM,0,0,0,0.25,6,0.00%
11/18/24 06:30 PM,0,0,0,0.25,6,0.00%
11/18/24 06:45 PM,0,0,0,0.25,6,0.00%
11/18/24 07:00 PM,0,0,0,0.25,6,0.00%
11/18/24 07:15 PM,0,0,0,0.25,6,0.00%
11/18/24 07:30 PM,0,0,0,0.25,6,0.00%
11/18/24 07:45 PM,0,0,0,0.25,6,0.00%
11/18/24 08:00 PM,0,0,0,0.25,6,0.00%
11/18/24 08:15 PM,0,0,0,0.25,6,0.00%
11/18/24 08:30 PM,0,0,0,0.25,6,0.00%
11/18/24 08:45 PM,0,0,0,0.25,6,0.00%
11/18/24 09:00 PM,0,0,0,0.25,6,0.00%
11/18/24 09:15 PM,0,0,0,0.25,6,0.00%
11/18/24 09:30 PM,0,0,0,0.25,6,0.00%
11/18/24 09:45 PM,0,0,0,0.25,6,0.00%
11/19/24 03:00 PM,0,0,0,1,28,0.00%
11/19/24 03:15 PM,0,0,0,1,28,0.00%
11/19/24 03:30 PM,0,0,0,1,28,0.00%
11/19/24 03:45 PM,0,0,0,1.05,28,0.00%
11/19/24 04:00 PM,0,0,0,1.48,34.46,0.00%
11/19/24 04:15 PM,0,0,0,1.75,42,0.00%
11/19/24 04:30 PM,0,0,0,1.75,42,0.00%
11/19/24 04:45 PM,0,0,0,1.75,42,0.00%
11/19/24 05:00 PM,256,3,85.33,1.75,42,16.40%
11/19/24 05:15 PM,109,3,36.33,1.75,42,38.50%
11/19/24 05:30 PM,196,1,196,1.75,42,21.40%
11/19/24 05:45 PM,588,3,196,1.75,42,7.10%
11/19/24 06:00 PM,93,1,93,1.75,42,45.20%
11/19/24 06:15 PM,263.9,3,87.97,1.75,42,15.90%
11/19/24 06:30 PM,811,4,202.75,1.75,42,5.20%
11/19/24 06:45 PM,276.3,2,138.15,1.75,42,15.20%
11/19/24 07:00 PM,554,2,277,1.75,42,7.60%
11/19/24 07:15 PM,0,0,0,1.75,42,0.00%
11/19/24 07:30 PM,887,3,295.67,1.75,42,4.70%
11/19/24 07:45 PM,257,2,128.5,1.75,42,16.30%
11/19/24 08:00 PM,0,0,0,1.75,42,0.00%
11/19/24 08:15 PM,0,0,0,1.75,42,0.00%
11/19/24 08:30 PM,0,0,0,1.75,42,0.00%
11/19/24 08:45 PM,0,0,0,1.75,42,0.00%
11/19/24 09:00 PM,0,0,0,1.75,42,0.00%
11/19/24 09:15 PM,0,0,0,1.75,42,0.00%
11/19/24 09:30 PM,0,0,0,1.58,42,0.00%
11/19/24 09:45 PM,0,0,0,1.36,38.2,0.00%
11/20/24 03:00 PM,0,0,0,1.25,27.25,0.00%
11/20/24 03:15 PM,0,0,0,1.25,27.25,0.00%
11/20/24 03:30 PM,0,0,0,1.25,27.25,0.00%
11/20/24 03:45 PM,0,0,0,1.25,27.25,0.00%
11/20/24 04:00 PM,0,0,0,1.49,34.27,0.00%
11/20/24 04:15 PM,0,0,0,1.75,42,0.00%
11/20/24 04:30 PM,0,0,0,1.75,42,0.00%
11/20/24 04:45 PM,0,0,0,1.75,42,0.00%
11/20/24 05:00 PM,0,0,0,1.75,42,0.00%
11/20/24 05:15 PM,143,1,143,1.75,42,29.40%
11/20/24 05:30 PM,52,1,52,1.75,42,80.80%
11/20/24 05:45 PM,0,0,0,1.75,42,0.00%
11/20/24 06:00 PM,234,3,78,1.6,38.83,16.60%
11/20/24 06:15 PM,270,1,270,1.5,36.75,13.60%
11/20/24 06:30 PM,241,2,120.5,1.5,36.75,15.20%
11/20/24 06:45 PM,109,1,109,1.4,33.91,31.10%
11/20/24 07:00 PM,86,1,86,1.25,29.75,34.60%
11/20/24 07:15 PM,389,1,389,1.25,29.75,7.60%
11/20/24 07:30 PM,130,2,65,1.25,29.75,22.90%
11/20/24 07:45 PM,409.6,3,136.53,1.25,29.75,7.30%
11/20/24 08:00 PM,0,0,0,1.25,29.75,0.00%
11/20/24 08:15 PM,0,1,0,1.25,29.75,0.00%
11/20/24 08:30 PM,0,0,0,1.25,29.75,0.00%
11/20/24 08:45 PM,0,0,0,1.25,29.75,0.00%
11/20/24 09:00 PM,0,0,0,1.25,29.75,0.00%
11/20/24 09:15 PM,0,0,0,1.25,29.75,0.00%
11/20/24 09:30 PM,0,0,0,1.25,29.75,0.00%
11/20/24 09:45 PM,0,0,0,1.21,28.51,0.00%
11/21/24 03:00 PM,0,0,0,2,46.5,0.00%
11/21/24 03:15 PM,0,0,0,2,46.5,0.00%
11/21/24 03:30 PM,0,0,0,2,46.5,0.00%
11/21/24 03:45 PM,0,0,0,2,46.5,0.00%
11/21/24 04:00 PM,0,0,0,2.1,49.95,0.00%
11/21/24 04:15 PM,0,0,0,2,47.5,0.00%
11/21/24 04:30 PM,0,0,0,2.22,54.14,0.00%
11/21/24 04:45 PM,0,0,0,2.25,55,0.00%
11/21/24 05:00 PM,153,1,153,2.25,55,35.90%
11/21/24 05:15 PM,179,2,89.5,2.24,54.89,30.70%
11/21/24 05:30 PM,84,1,84,2,49.75,59.20%
11/21/24 05:45 PM,68,1,68,2,49.75,73.20%
11/21/24 06:00 PM,255,2,127.5,2,49.75,19.50%
11/21/24 06:15 PM,0,0,0,2,49.75,0.00%
11/21/24 06:30 PM,215,2,107.5,2,49.75,23.10%
11/21/24 06:45 PM,77.4,1,77.4,2,49.75,64.30%
11/21/24 07:00 PM,86,1,86,2,49.75,57.80%
11/21/24 07:15 PM,484,2,242,2,49.75,10.30%
11/21/24 07:30 PM,0,0,0,2,49.75,0.00%
11/21/24 07:45 PM,82,1,82,2,49.75,60.70%
11/21/24 08:00 PM,253,1,253,2,49.75,19.70%
11/21/24 08:15 PM,75,1,75,2,49.75,66.30%
11/21/24 08:30 PM,0,0,0,2,49.75,0.00%
11/21/24 08:45 PM,0,0,0,2,49.75,0.00%
11/21/24 09:00 PM,0,0,0,2,49.75,0.00%
11/21/24 09:15 PM,0,0,0,1.89,46.85,0.00%
11/21/24 09:30 PM,0,0,0,1.43,35.7,0.00%
11/21/24 09:45 PM,0,0,0,0.75,21.88,0.00%
11/22/24 03:00 PM,0,0,0,2.59,65.39,0.00%
11/22/24 03:15 PM,0,0,0,2.75,70.25,0.00%
11/22/24 03:30 PM,0,0,0,2.75,70.25,0.00%
11/22/24 03:45 PM,0,0,0,2.75,70.25,0.00%
11/22/24 04:00 PM,0,0,0,2.71,69.19,0.00%
11/22/24 04:15 PM,120,1,120,2.5,63.25,52.70%
11/22/24 04:30 PM,76,1,76,2.5,63.25,83.20%
11/22/24 04:45 PM,0,0,0,2.5,63.25,0.00%
11/22/24 05:00 PM,1002.7,5,200.54,2.5,63.25,6.30%
11/22/24 05:15 PM,83,1,83,2.5,63.25,76.20%
11/22/24 05:30 PM,331,3,110.33,2.5,63.25,19.10%
11/22/24 05:45 PM,171,2,85.5,2.5,63.25,37.00%
11/22/24 06:00 PM,313,3,104.33,2.5,63.25,20.20%
11/22/24 06:15 PM,567,4,141.75,2.5,63.25,11.20%
11/22/24 06:30 PM,681.6,6,113.6,2.5,63.25,9.30%
11/22/24 06:45 PM,610,6,101.67,2.5,63.25,10.40%
11/22/24 07:00 PM,372,3,124,2.5,63.25,17.00%
11/22/24 07:15 PM,574,5,114.8,2.5,63.25,11.00%
11/22/24 07:30 PM,500.3,4,125.08,2.5,63.25,12.60%
11/22/24 07:45 PM,622,4,155.5,2.5,63.25,10.20%
11/22/24 08:00 PM,496,3,165.33,2.5,63.25,12.80%
11/22/24 08:15 PM,0,0,0,2.5,63.25,0.00%
11/22/24 08:30 PM,0,0,0,2.44,61.56,0.00%
11/22/24 08:45 PM,0,0,0,2.25,55.75,0.00%
11/22/24 09:00 PM,0,0,0,2.25,55.75,0.00%
11/22/24 09:15 PM,0,0,0,2.25,55.75,0.00%
11/22/24 09:30 PM,0,0,0,2.2,54.27,0.00%
11/22/24 09:45 PM,0,0,0,1.64,38.96,0.00%
11/23/24 03:00 PM,0,0,0,2.14,59.81,0.00%
11/23/24 03:15 PM,0,0,0,2.53,71.55,0.00%
11/23/24 03:30 PM,0,0,0,2.75,78.25,0.00%
11/23/24 03:45 PM,0,0,0,2.86,78.25,0.00%
11/23/24 04:00 PM,375,3,125,3,78.25,20.90%
11/23/24 04:15 PM,0,1,0,3,78.25,0.00%
11/23/24 04:30 PM,0,0,0,3,78.25,0.00%
11/23/24 04:45 PM,0,0,0,2.95,76.95,0.00%
11/23/24 05:00 PM,0,0,0,2.75,71.25,0.00%
11/23/24 05:15 PM,0,0,0,2.75,71.25,0.00%
11/23/24 05:30 PM,223,3,74.33,2.75,71.25,32.00%
11/23/24 05:45 PM,687,6,114.5,2.75,71.25,10.40%
11/23/24 06:00 PM,431,3,143.67,2.75,71.25,16.50%
11/23/24 06:15 PM,654,4,163.5,2.75,71.25,10.90%
11/23/24 06:30 PM,664,4,166,2.75,71.25,10.70%
11/23/24 06:45 PM,121,1,121,2.75,71.25,58.90%
11/23/24 07:00 PM,880,4,220,2.75,71.25,8.10%
11/23/24 07:15 PM,147,2,73.5,2.75,71.25,48.50%
11/23/24 07:30 PM,276.8,3,92.27,2.75,71.25,25.70%
11/23/24 07:45 PM,254,2,127,2.75,71.25,28.10%
11/23/24 08:00 PM,118,2,59,2.57,65.76,55.70%
11/23/24 08:15 PM,0,1,0,2.5,63.75,0.00%
11/23/24 08:30 PM,0,0,0,2.5,63.75,0.00%
11/23/24 08:45 PM,14.7,1,14.7,2.5,63.75,433.70%
11/23/24 09:00 PM,0,0,0,2.23,55.66,0.00%
11/23/24 09:15 PM,0,0,0,1.99,48.54,0.00%
11/23/24 09:30 PM,0,0,0,1.41,32.29,0.00%
11/23/24 09:45 PM,0,0,0,0.99,25.26,0.00%
11/24/24 03:00 PM,0,0,0,2.71,74.68,0.00%
11/24/24 03:15 PM,0,0,0,2.75,75.75,0.00%
11/24/24 03:30 PM,0,0,0,2.75,75.75,0.00%
11/24/24 03:45 PM,0,0,0,2.75,75.75,0.00%
11/24/24 04:00 PM,201.6,2,100.8,2.72,75.02,37.20%
11/24/24 04:15 PM,49,1,49,2.5,68.75,140.30%
11/24/24 04:30 PM,106,1,106,2.5,68.75,64.90%
11/24/24 04:45 PM,176.4,2,88.2,2.69,68.75,39.00%
11/24/24 05:00 PM,397,2,198.5,2.75,68.75,17.30%
11/24/24 05:15 PM,428,3,142.67,2.75,68.75,16.10%
11/24/24 05:30 PM,271,2,135.5,2.75,68.75,25.40%
11/24/24 05:45 PM,51,1,51,2.75,68.75,134.80%
11/24/24 06:00 PM,279.8,2,139.9,2.75,68.75,24.60%
11/24/24 06:15 PM,447,4,111.75,2.56,64.26,14.40%
11/24/24 06:30 PM,1041,6,173.5,2.5,62.75,6.00%
11/24/24 06:45 PM,465,4,116.25,2.5,62.75,13.50%
11/24/24 07:00 PM,144,3,48,2.5,62.75,43.60%
11/24/24 07:15 PM,426,3,142,2.5,62.75,14.70%
11/24/24 07:30 PM,38,1,38,2.5,62.75,165.10%
11/24/24 07:45 PM,370,2,185,2.32,57.33,15.50%
11/24/24 08:00 PM,0,0,0,2,48,0.00%
11/24/24 08:15 PM,0,1,0,2,48,0.00%
11/24/24 08:30 PM,0,0,0,2,48,0.00%
11/24/24 08:45 PM,0,0,0,2,48,0.00%
11/24/24 09:00 PM,0,0,0,2,48,0.00%
11/24/24 09:15 PM,0,0,0,1.81,42.82,0.00%
11/24/24 09:30 PM,0,0,0,0.78,13.71,0.00%
11/24/24 09:45 PM,0,0,0,0.5,5.5,0.00%
11/25/24 03:00 PM,0,0,0,0.75,20.5,0.00%
11/25/24 03:15 PM,0,0,0,0.75,20.5,0.00%
11/25/24 03:30 PM,0,0,0,0.75,20.5,0.00%
11/25/24 03:45 PM,0,0,0,0.75,20.5,0.00%
11/25/24 04:00 PM,0,0,0,0.75,20.5,0.00%
11/25/24 04:15 PM,0,0,0,0.75,20.5,0.00%
11/25/24 04:30 PM,0,0,0,0.75,20.5,0.00%
11/25/24 04:45 PM,0,0,0,0.43,11.79,0.00%
11/25/24 05:00 PM,0,0,0,0.08,2.02,0.00%
11/25/24 05:15 PM,0,0,0,0.25,6,0.00%
11/25/24 05:30 PM,0,0,0,0.25,6,0.00%
11/25/24 05:45 PM,0,0,0,0.25,6,0.00%
11/25/24 06:00 PM,0,0,0,0.25,6,0.00%
11/25/24 06:15 PM,0,0,0,0.25,6,0.00%
11/25/24 06:30 PM,0,0,0,0.25,6,0.00%
11/25/24 06:45 PM,0,0,0,0.25,6,0.00%
11/25/24 07:00 PM,0,0,0,0.25,6,0.00%
11/25/24 07:15 PM,0,0,0,0.25,6,0.00%
11/25/24 07:30 PM,0,0,0,0.25,6,0.00%
11/25/24 07:45 PM,0,0,0,0.25,6,0.00%
11/25/24 08:00 PM,0,0,0,0.25,6,0.00%
11/25/24 08:15 PM,0,0,0,0.25,6,0.00%
11/25/24 08:30 PM,0,0,0,0.25,6,0.00%
11/25/24 08:45 PM,0,0,0,0.25,6,0.00%
11/25/24 09:00 PM,0,0,0,0.25,6,0.00%
11/25/24 09:15 PM,0,0,0,0.25,6,0.00%
11/25/24 09:30 PM,0,0,0,0.25,6,0.00%
11/25/24 09:45 PM,0,0,0,0.25,6,0.00%
11/26/24 03:00 PM,0,0,0,1.75,41.25,0.00%
11/26/24 03:15 PM,0,0,0,1.75,41.25,0.00%
11/26/24 03:30 PM,0,0,0,1.75,41.25,0.00%
11/26/24 03:45 PM,0,0,0,1.87,44.96,0.00%
11/26/24 04:00 PM,0,0,0,2.25,56.25,0.00%
11/26/24 04:15 PM,0,0,0,2.25,56.25,0.00%
11/26/24 04:30 PM,0,0,0,2.25,56.25,0.00%
11/26/24 04:45 PM,0,0,0,2.25,56.25,0.00%
11/26/24 05:00 PM,64,1,64,2.25,56.25,87.90%
11/26/24 05:15 PM,349,2,174.5,2.25,56.25,16.10%
11/26/24 05:30 PM,262,1,262,2.21,55.31,21.10%
11/26/24 05:45 PM,148,2,74,2,49.75,33.60%
11/26/24 06:00 PM,537,3,179,2,49.75,9.30%
11/26/24 06:15 PM,190,2,95,2,49.75,26.20%
11/26/24 06:30 PM,366,3,122,2,49.75,13.60%
11/26/24 06:45 PM,638.4,3,212.8,2,49.75,7.80%
11/26/24 07:00 PM,68,1,68,1.8,43.83,64.50%
11/26/24 07:15 PM,157,2,78.5,1.75,42.5,27.10%
11/26/24 07:30 PM,123,1,123,1.75,42.5,34.60%
11/26/24 07:45 PM,369,2,184.5,1.75,42.5,11.50%
11/26/24 08:00 PM,341,3,113.67,1.75,42.5,12.50%
11/26/24 08:15 PM,0,0,0,1.75,42.5,0.00%
11/26/24 08:30 PM,126,1,126,1.75,42.5,33.70%
11/26/24 08:45 PM,0,0,0,1.75,42.5,0.00%
11/26/24 09:00 PM,0,0,0,1.75,42.5,0.00%
11/26/24 09:15 PM,0,0,0,1.75,42.5,0.00%
11/26/24 09:30 PM,0,0,0,1.75,42.5,0.00%
11/26/24 09:45 PM,0,0,0,1.67,40.23,0.00%
11/27/24 03:00 PM,0,0,0,1.5,34,0.00%
11/27/24 03:15 PM,0,0,0,1.5,34,0.00%
11/27/24 03:30 PM,0,0,0,1.5,34,0.00%
11/27/24 03:45 PM,0,0,0,1.61,37.21,0.00%
11/27/24 04:00 PM,0,0,0,1.75,41.5,0.00%
11/27/24 04:15 PM,0,0,0,1.91,45.62,0.00%
11/27/24 04:30 PM,0,0,0,2,48,0.00%
11/27/24 04:45 PM,0,0,0,2,48,0.00%
11/27/24 05:00 PM,124,1,124,2,48,38.70%
11/27/24 05:15 PM,143,1,143,2,48,33.60%
11/27/24 05:30 PM,311,2,155.5,2,48,15.40%
11/27/24 05:45 PM,472,3,157.33,2,48,10.20%
11/27/24 06:00 PM,151,1,151,2,48,31.80%
11/27/24 06:15 PM,272,1,272,1.83,44.52,16.40%
11/27/24 06:30 PM,354,2,177,1.75,42.75,12.10%
11/27/24 06:45 PM,30,1,30,1.75,42.75,142.50%
11/27/24 07:00 PM,448,3,149.33,1.75,42.75,9.50%
11/27/24 07:15 PM,122,1,122,1.75,42.75,35.00%
11/27/24 07:30 PM,136,1,136,1.75,42.75,31.40%
11/27/24 07:45 PM,0,0,0,1.75,42.75,0.00%
11/27/24 08:00 PM,0,0,0,1.75,42.75,0.00%
11/27/24 08:15 PM,140,2,70,1.75,42.75,30.50%
11/27/24 08:30 PM,0,0,0,1.75,42.75,0.00%
11/27/24 08:45 PM,0,0,0,1.56,42.75,0.00%
11/27/24 09:00 PM,0,0,0,1.5,42.75,0.00%
11/27/24 09:15 PM,0,0,0,1.5,42.75,0.00%
11/27/24 09:30 PM,0,0,0,1.23,34.65,0.00%
11/27/24 09:45 PM,0,0,0,0.38,10.66,0.00%
11/28/24 03:00 PM,568,2,284,2.25,63.75,11.20%
11/28/24 03:15 PM,25,1,25,2.45,63.75,255.00%
11/28/24 03:30 PM,185,1,185,2.5,63.75,34.50%
11/28/24 03:45 PM,815,3,271.67,2.5,63.75,7.80%
11/28/24 04:00 PM,559,3,186.33,2.5,63.75,11.40%
11/28/24 04:15 PM,617,3,205.67,2.5,63.75,10.30%
11/28/24 04:30 PM,888.9,3,296.3,2.5,63.75,7.20%
11/28/24 04:45 PM,172,1,172,2.5,63.75,37.10%
11/28/24 05:00 PM,1165,8,145.62,2.5,63.75,5.50%
11/28/24 05:15 PM,176,1,176,2.5,63.75,36.20%
11/28/24 05:30 PM,0,0,0,2.5,63.75,0.00%
11/28/24 05:45 PM,624,3,208,2.5,63.75,10.20%
11/28/24 06:00 PM,1234.5,3,411.5,2.5,63.75,5.20%
11/28/24 06:15 PM,155,1,155,2.5,63.75,41.10%
11/28/24 06:30 PM,366,2,183,2.5,63.75,17.40%
11/28/24 06:45 PM,595,4,148.75,2.5,63.75,10.70%
11/28/24 07:00 PM,609,4,152.25,2.5,63.75,10.50%
11/28/24 07:15 PM,643,3,214.33,2.5,63.75,9.90%
11/28/24 07:30 PM,205,1,205,2.5,63.75,31.10%
11/28/24 07:45 PM,140,1,140,2.5,63.75,45.50%
11/28/24 08:00 PM,0,0,0,2.5,63.75,0.00%
11/28/24 08:15 PM,0,0,0,2.5,63.75,0.00%
11/28/24 08:30 PM,0,0,0,2.37,60.55,0.00%
11/28/24 08:45 PM,0,0,0,2.25,57.75,0.00%
11/28/24 09:00 PM,0,0,0,1.79,49.39,0.00%
11/28/24 09:15 PM,0,0,0,1.26,37.12,0.00%
11/28/24 09:30 PM,0,0,0,0.73,23.1,0.00%
11/28/24 09:45 PM,0,0,0,0.36,13.79,0.00%
11/29/24 03:00 PM,0,0,0,1.75,46.5,0.00%
11/29/24 03:15 PM,0,0,0,1.75,46.5,0.00%
11/29/24 03:30 PM,0,0,0,1.75,46.5,0.00%
11/29/24 03:45 PM,0,0,0,1.75,46.5,0.00%
11/29/24 04:00 PM,167,1,167,1.75,46.5,27.80%
11/29/24 04:15 PM,0,0,0,1.75,46.5,0.00%
11/29/24 04:30 PM,0,0,0,1.75,46.5,0.00%
11/29/24 04:45 PM,0,0,0,1.75,46.5,0.00%
11/29/24 05:00 PM,343,1,343,1.7,45.01,13.10%
11/29/24 05:15 PM,43,2,21.5,1.7,39.25,91.30%
11/29/24 05:30 PM,120,1,120,1.51,34.13,28.40%
11/29/24 05:45 PM,367.4,2,183.7,1.5,34,9.30%
11/29/24 06:00 PM,294,2,147,1.5,34,11.60%
11/29/24 06:15 PM,175,2,87.5,1.5,34,19.40%
11/29/24 06:30 PM,203,2,101.5,1.5,34,16.70%
11/29/24 06:45 PM,287,2,143.5,1.5,34,11.80%
11/29/24 07:00 PM,0,0,0,1.5,34,0.00%
11/29/24 07:15 PM,306,2,153,1.5,34,11.10%
11/29/24 07:30 PM,0,0,0,1.5,34,0.00%
11/29/24 07:45 PM,121,1,121,1.5,34,28.10%
11/29/24 08:00 PM,0,0,0,1.5,34,0.00%
11/29/24 08:15 PM,0,0,0,1.5,34,0.00%
11/29/24 08:30 PM,0,0,0,1.5,34,0.00%
11/29/24 08:45 PM,0,0,0,1.5,34,0.00%
11/29/24 09:00 PM,0,0,0,1.14,23.21,0.00%
11/29/24 09:15 PM,0,0,0,0.39,9.32,0.00%
11/29/24 09:30 PM,0,0,0,0.25,5.5,0.00%
11/29/24 09:45 PM,0,0,0,0.24,5.32,0.00%
11/30/24 03:00 PM,0,0,0,1.75,49,0.00%
11/30/24 03:15 PM,0,0,0,2.16,61.41,0.00%
11/30/24 03:30 PM,0,0,0,2.25,64,0.00%
11/30/24 03:45 PM,0,0,0,2.25,64,0.00%
11/30/24 04:00 PM,0,0,0,2.25,64,0.00%
11/30/24 04:15 PM,409,3,136.33,2.35,64,15.60%
11/30/24 04:30 PM,0,0,0,2.5,64,0.00%
11/30/24 04:45 PM,99,1,99,2.5,64,64.60%
11/30/24 05:00 PM,375,3,125,2.5,64,17.10%
11/30/24 05:15 PM,153,1,153,2.5,64,41.80%
11/30/24 05:30 PM,279,2,139.5,2.5,64,22.90%
11/30/24 05:45 PM,18,1,18,2.4,61.04,339.10%
11/30/24 06:00 PM,315,3,105,2.25,56.5,17.90%
11/30/24 06:15 PM,374,2,187,2.25,56.5,15.10%
11/30/24 06:30 PM,160,2,80,2.25,56.5,35.30%
11/30/24 06:45 PM,816,5,163.2,2.25,56.5,6.90%
11/30/24 07:00 PM,224,2,112,2.25,56.5,25.20%
11/30/24 07:15 PM,561,4,140.25,2.25,56.5,10.10%
11/30/24 07:30 PM,311,2,155.5,2.25,56.5,18.20%
11/30/24 07:45 PM,87,1,87,2.25,56.5,64.90%
11/30/24 08:00 PM,186,1,186,2.25,56.5,30.40%
11/30/24 08:15 PM,0,1,0,2.25,56.5,0.00%
11/30/24 08:30 PM,0,0,0,2.25,56.5,0.00%
11/30/24 08:45 PM,0,0,0,2.25,56.5,0.00%
11/30/24 09:00 PM,0,0,0,2.2,54.91,0.00%
11/30/24 09:15 PM,0,0,0,1.97,49,0.00%
11/30/24 09:30 PM,0,0,0,1.33,36.63,0.00%
11/30/24 09:45 PM,0,0,0,0.63,16.9,0.00%
12/1/24 03:00 PM,0,1,0,2,54.71,0.00%
12/1/24 03:15 PM,0,0,0,2.07,56.89,0.00%
12/1/24 03:30 PM,0,0,0,2.5,69.75,0.00%
12/1/24 03:45 PM,0,0,0,2.5,69.75,0.00%
12/1/24 04:00 PM,430,2,215,2.71,69.75,16.20%
12/1/24 04:15 PM,226,2,113,2.75,69.75,30.90%
12/1/24 04:30 PM,137,2,68.5,2.75,69.75,50.90%
12/1/24 04:45 PM,0,0,0,2.75,69.75,0.00%
12/1/24 05:00 PM,174,2,87,2.75,69.75,40.10%
12/1/24 05:15 PM,261,2,130.5,2.75,69.75,26.70%
12/1/24 05:30 PM,177,2,88.5,2.75,69.75,39.40%
12/1/24 05:45 PM,656,5,131.2,2.75,69.75,10.60%
12/1/24 06:00 PM,491.6,5,98.32,2.75,69.75,14.20%
12/1/24 06:15 PM,763,4,190.75,2.75,69.75,9.10%
12/1/24 06:30 PM,394,3,131.33,2.75,69.75,17.70%
12/1/24 06:45 PM,38,1,38,2.75,69.75,183.60%
12/1/24 07:00 PM,706.4,3,235.47,2.75,69.75,9.90%
12/1/24 07:15 PM,205,2,102.5,2.75,69.75,34.00%
12/1/24 07:30 PM,341.8,2,170.9,2.75,69.75,20.40%
12/1/24 07:45 PM,367,1,367,2.75,69.75,19.00%
12/1/24 08:00 PM,267,1,267,2.75,69.75,26.10%
12/1/24 08:15 PM,361,2,180.5,2.73,69.18,19.20%
12/1/24 08:30 PM,82,1,82,2.5,63.75,77.70%
12/1/24 08:45 PM,0,0,0,2.5,63.75,0.00%
12/1/24 09:00 PM,0,0,0,2.17,54.02,0.00%
12/1/24 09:15 PM,0,0,0,2,49,0.00%
12/1/24 09:30 PM,0,0,0,2,49,0.00%
12/1/24 09:45 PM,0,0,0,1.97,48.23,0.00%
12/2/24 03:00 PM,0,0,0,0.5,13.5,0.00%
12/2/24 03:15 PM,0,0,0,0.5,13.5,0.00%
12/2/24 03:30 PM,0,0,0,0.5,13.5,0.00%
12/2/24 03:45 PM,0,0,0,0.71,18.52,0.00%
12/2/24 04:00 PM,0,0,0,0.75,19.5,0.00%
12/2/24 04:15 PM,0,0,0,0.75,19.5,0.00%
12/2/24 04:30 PM,0,0,0,0.54,14.04,0.00%
12/2/24 04:45 PM,0,0,0,0.47,12.19,0.00%
12/2/24 05:00 PM,0,0,0,0.25,6,0.00%
12/2/24 05:15 PM,0,0,0,0.25,6,0.00%
12/2/24 05:30 PM,0,0,0,0.25,6,0.00%
12/2/24 05:45 PM,0,0,0,0.25,6,0.00%
12/2/24 06:00 PM,0,0,0,0.25,6,0.00%
12/2/24 06:15 PM,0,0,0,0.25,6,0.00%
12/2/24 06:30 PM,0,0,0,0.25,6,0.00%
12/2/24 06:45 PM,0,0,0,0.25,6,0.00%
12/2/24 07:00 PM,0,0,0,0.25,6,0.00%
12/2/24 07:15 PM,0,0,0,0.25,6,0.00%
12/2/24 07:30 PM,0,0,0,0.25,6,0.00%
12/2/24 07:45 PM,0,0,0,0.25,6,0.00%
12/2/24 08:00 PM,0,0,0,0.25,6,0.00%
12/2/24 08:15 PM,0,0,0,0.25,6,0.00%
12/2/24 08:30 PM,0,0,0,0.25,6,0.00%
12/2/24 08:45 PM,0,0,0,0.25,6,0.00%
12/2/24 09:00 PM,0,0,0,0.25,6,0.00%
12/2/24 09:15 PM,0,0,0,0.25,6,0.00%
12/2/24 09:30 PM,0,0,0,0.25,6,0.00%
12/2/24 09:45 PM,0,0,0,0.25,6,0.00%
12/3/24 03:00 PM,0,0,0,1,28,0.00%
12/3/24 03:15 PM,0,0,0,1,28,0.00%
12/3/24 03:30 PM,0,0,0,1,28,0.00%
12/3/24 03:45 PM,0,0,0,1.04,29.15,0.00%
12/3/24 04:00 PM,0,0,0,1.25,34.5,0.00%
12/3/24 04:15 PM,0,0,0,1.25,34.5,0.00%
12/3/24 04:30 PM,0,0,0,1.25,34.5,0.00%
12/3/24 04:45 PM,0,0,0,1.25,34.5,0.00%
12/3/24 05:00 PM,157,3,52.33,1.25,34.5,22.00%
12/3/24 05:15 PM,23,1,23,1.25,34.5,150.00%
12/3/24 05:30 PM,179,1,179,1.14,31.55,17.60%
12/3/24 05:45 PM,0,0,0,1,27.5,0.00%
12/3/24 06:00 PM,297,4,74.25,1,27.5,9.30%
12/3/24 06:15 PM,155,2,77.5,1,27.5,17.70%
12/3/24 06:30 PM,198.25,2,99.12,1,27.5,13.90%
12/3/24 06:45 PM,205,1,205,1,27.5,13.40%
12/3/24 07:00 PM,320.1,2,160.05,1.06,27.5,8.60%
12/3/24 07:15 PM,227,2,113.5,1.25,27.5,12.10%
12/3/24 07:30 PM,0,1,0,1.25,27.5,0.00%
12/3/24 07:45 PM,66,1,66,1.25,27.5,41.70%
12/3/24 08:00 PM,0,0,0,1.25,27.5,0.00%
12/3/24 08:15 PM,0,0,0,1.25,27.5,0.00%
12/3/24 08:30 PM,97.75,1,97.75,1.25,27.5,28.10%
12/3/24 08:45 PM,0,0,0,1.25,27.5,0.00%
12/3/24 09:00 PM,0,0,0,1.25,27.5,0.00%
12/3/24 09:15 PM,0,0,0,1.02,21.48,0.00%
12/3/24 09:30 PM,0,0,0,0.74,13.44,0.00%
12/3/24 09:45 PM,0,0,0,0.27,0.52,0.00%
12/4/24 03:00 PM,0,0,0,1.5,33.25,0.00%
12/4/24 03:15 PM,0,0,0,1.53,34.03,0.00%
12/4/24 03:30 PM,0,0,0,1.75,40.5,0.00%
12/4/24 03:45 PM,0,0,0,1.75,40.5,0.00%
12/4/24 04:00 PM,0,0,0,2.22,53.99,0.00%
12/4/24 04:15 PM,0,0,0,2.25,55,0.00%
12/4/24 04:30 PM,0,0,0,2.25,55,0.00%
12/4/24 04:45 PM,0,0,0,2.25,55,0.00%
12/4/24 05:00 PM,281,2,140.5,2.25,55,19.60%
12/4/24 05:15 PM,127,2,63.5,2.25,55,43.30%
12/4/24 05:30 PM,152,2,76,2.21,54.24,35.70%
12/4/24 05:45 PM,0,0,0,2,49.75,0.00%
12/4/24 06:00 PM,0,0,0,1.87,46.73,0.00%
12/4/24 06:15 PM,141,1,141,1.75,43.75,31.00%
12/4/24 06:30 PM,302,3,100.67,1.75,43.75,14.50%
12/4/24 06:45 PM,644,5,128.8,1.75,43.75,6.80%
12/4/24 07:00 PM,136,1,136,1.75,43.75,32.20%
12/4/24 07:15 PM,174,2,87,1.75,43.75,25.10%
12/4/24 07:30 PM,0,0,0,1.75,43.75,0.00%
12/4/24 07:45 PM,0,0,0,1.75,43.75,0.00%
12/4/24 08:00 PM,0,0,0,1.75,43.75,0.00%
12/4/24 08:15 PM,0,0,0,1.75,43.75,0.00%
12/4/24 08:30 PM,55,2,27.5,1.54,37.64,68.40%
12/4/24 08:45 PM,16,1,16,1.5,36.5,228.10%
12/4/24 09:00 PM,0,1,0,1.5,36.5,0.00%
12/4/24 09:15 PM,0,0,0,1.03,29.38,0.00%
12/4/24 09:30 PM,0,0,0,0.28,8.4,0.00%
12/4/24 09:45 PM,0,0,0,0,0,0.00%
12/5/24 03:00 PM,0,0,0,1.5,41.5,0.00%
12/5/24 03:15 PM,0,0,0,1.5,41.5,0.00%
12/5/24 03:30 PM,0,1,0,1.5,41.59,0.00%
12/5/24 03:45 PM,0,0,0,1.82,50.79,0.00%
12/5/24 04:00 PM,0,0,0,2.25,63.75,0.00%
12/5/24 04:15 PM,0,0,0,2.25,63.75,0.00%
12/5/24 04:30 PM,0,0,0,2.25,63.75,0.00%
12/5/24 04:45 PM,0,0,0,2.25,63.75,0.00%
12/5/24 05:00 PM,327,2,163.5,2.25,63.75,19.50%
12/5/24 05:15 PM,170,2,85,2.25,63.75,37.50%
12/5/24 05:30 PM,373,3,124.33,2.25,63.75,17.10%
12/5/24 05:45 PM,0,0,0,2.25,63.75,0.00%
12/5/24 06:00 PM,0,0,0,2.25,63.75,0.00%
12/5/24 06:15 PM,129,1,129,2.25,63.75,49.40%
12/5/24 06:30 PM,403,4,100.75,2.48,63.75,15.80%
12/5/24 06:45 PM,272,2,136,2.5,63.75,23.40%
12/5/24 07:00 PM,469,4,117.25,2.5,63.75,13.60%
12/5/24 07:15 PM,511,4,127.75,2.5,63.75,12.50%
12/5/24 07:30 PM,170,2,85,2.5,63.75,37.50%
12/5/24 07:45 PM,103,1,103,2.5,63.75,61.90%
12/5/24 08:00 PM,170,1,170,2.5,63.75,37.50%
12/5/24 08:15 PM,0,0,0,2.5,63.75,0.00%
12/5/24 08:30 PM,0,0,0,2.46,62.52,0.00%
12/5/24 08:45 PM,0,0,0,2.25,56.5,0.00%
12/5/24 09:00 PM,0,0,0,2.25,56.5,0.00%
12/5/24 09:15 PM,0,0,0,2.25,56.5,0.00%
12/5/24 09:30 PM,0,0,0,2.08,56.5,0.00%
12/5/24 09:45 PM,0,0,0,0.92,25.73,0.00%
12/6/24 03:00 PM,0,0,0,2.55,66.62,0.00%
12/6/24 03:15 PM,0,0,0,2.75,69,0.00%
12/6/24 03:30 PM,0,0,0,2.81,70.79,0.00%
12/6/24 03:45 PM,0,0,0,2.88,73.47,0.00%
12/6/24 04:00 PM,0,0,0,2.75,70,0.00%
12/6/24 04:15 PM,0,0,0,2.75,70,0.00%
12/6/24 04:30 PM,0,0,0,2.75,70,0.00%
12/6/24 04:45 PM,393,1,393,2.75,70,17.80%
12/6/24 05:00 PM,286,2,143,2.56,66.07,23.10%
12/6/24 05:15 PM,0,0,0,2.5,64.75,0.00%
12/6/24 05:30 PM,480,3,160,2.5,64.75,13.50%
12/6/24 05:45 PM,176.99,3,59,2.5,64.75,36.60%
12/6/24 06:00 PM,569,5,113.8,2.5,64.75,11.40%
12/6/24 06:15 PM,659,3,219.67,2.5,64.75,9.80%
12/6/24 06:30 PM,288,3,96,2.44,63.02,21.90%
12/6/24 06:45 PM,705,3,235,2.25,57.25,8.10%
12/6/24 07:00 PM,1187,5,237.4,2.25,57.25,4.80%
12/6/24 07:15 PM,403,3,134.33,2.25,57.25,14.20%
12/6/24 07:30 PM,521,3,173.67,2.25,57.25,11.00%
12/6/24 07:45 PM,0,0,0,2.25,57.25,0.00%
12/6/24 08:00 PM,116,1,116,2.25,57.25,49.40%
12/6/24 08:15 PM,133,1,133,2.25,57.25,43.00%
12/6/24 08:30 PM,529,5,105.8,2.25,57.25,10.80%
12/6/24 08:45 PM,0,0,0,2.25,57.25,0.00%
12/6/24 09:00 PM,25,1,25,2.25,57.25,229.00%
12/6/24 09:15 PM,0,0,0,2.25,57.25,0.00%
12/6/24 09:30 PM,0,0,0,1.09,27.38,0.00%
12/6/24 09:45 PM,0,0,0,0,0,0.00%
